"","Pval","Pval_d1t1_vs_d1t2","log2FoldChange_d1t1_vs_d1t2","Pval_d1t1_vs_d2t1","log2FoldChange_d1t1_vs_d2t1","Pval_d1t1_vs_d2t2","log2FoldChange_d1t1_vs_d2t2","Pval_d1t2_vs_d2t1","log2FoldChange_d1t2_vs_d2t1","Pval_d1t2_vs_d2t2","log2FoldChange_d1t2_vs_d2t2","Pval_d2t1_vs_d2t2","log2FoldChange_d2t1_vs_d2t2"
"ENSMUSG00000033793",0.15334515935476,0.999442319552068,-0.0612249653661115,0.907059323786466,-0.385383239478324,0.375653008736927,0.263551486221701,0.955480193815789,-0.324158274112213,0.432761798670844,0.324776451587812,0.656928293732381,0.648934725700025
"ENSMUSG00000043716",0.407251792874099,0.740036621976912,-0.259134717969617,0.996206025353315,-0.0444458666830966,0.926573925405202,0.082411374518939,0.847346323942362,0.21468885128652,0.545563942382833,0.341546092488556,0.713379449636,0.126857241202036
"ENSMUSG00000042197",0.0415500372973627,0.299548187839844,-0.511479296676796,0.999999934648563,-0.00925881000964344,0.10496462664226,-0.882640296891908,0.2997106784653,0.502220486667153,0.689592103579834,-0.371161000215111,0.119085767847372,-0.873381486882264
"ENSMUSG00000026103",0.00458726240650789,0.0432783152173148,-1.43641845936877,0.220158089070976,-0.837468696097592,0.0819961900023914,-2.12757900668182,0.363084268280033,0.598949763271178,0.508287003269273,-0.691160547313048,0.171800086901659,-1.29011031058423
"ENSMUSG00000041303",0.226031216667952,0.99991018586756,-0.0725811453122075,0.903808945542872,-0.269949566358427,0.232271586168576,-0.286995278762083,0.993036750645764,-0.19736842104622,0.939162480694209,-0.214414133449876,0.999999913087914,-0.0170457124036557
"ENSMUSG00000101188",0.000645534938468549,0.999613698846988,0.0693499116987022,0.0194310989837974,0.793061465527685,0.987897925602023,-0.0684518818531275,0.167688263494517,0.723711553828982,0.956073520504047,-0.13780179355183,0.00183682334680346,-0.861513347380812
"ENSMUSG00000040865",0.0578468049398599,0.802480777386598,-0.355394538341434,0.164334793884895,-0.496260836511902,0.108997314813779,-1.28612961164903,0.980353385447713,-0.140866298170469,0.216686190042026,-0.930735073307596,0.2898496783784,-0.789868775137128
"ENSMUSG00000025949",0.0319641279353834,0.999999317479406,-0.0160572326337973,0.336707840589617,-0.766177766105726,0.0664889125341166,-0.720058628419541,0.348404202467883,-0.750120533471928,0.08281596870238,-0.704001395785744,0.999994113769737,0.0461191376861847
"ENSMUSG00000025997",0.209583057964997,0.999431751512562,-0.324016898789871,0.208709703519249,-2.33560524342367,0.996365901838582,-0.329148831878166,0.264752327596495,-2.0115883446338,0.999999999999944,-0.00513193308829556,0.260146865603683,2.00645641154551
"ENSMUSG00000026180",0.389210671049149,0.999984061922498,0.173180568894046,0.992309481756356,-0.384536191578736,0.478682376585852,-2.239407545741,0.949057667392672,-0.557716760472782,0.45004566034175,-2.41258811463505,0.53458183638189,-1.85487135416226
"ENSMUSG00000026204",0.0974344425776414,0.52384679147554,-1.06576706439266,0.396859691996261,-1.22475325814666,0.215634806985473,-2.58131984464534,0.999582422329485,-0.158986193753995,0.361370970562578,-1.51555278025268,0.419163809466243,-1.35656658649868
"ENSMUSG00000094638",0.204071338910396,0.999758660286015,0.23505426397702,0.337179186244055,-1.99868800388231,0.970294623977515,0.604415755069862,0.298196604933172,-2.23374226785933,0.973268029640181,0.369361491092843,0.25339780253976,2.60310375895217
"ENSMUSG00000090124",0.00281660579916591,0.277154053210662,-2.31594418578591,0.212646006222805,-1.5424248048052,0.00504688261644382,-2.78543802365398,0.808292381214816,0.773519380980709,0.874258018821161,-0.469493837868067,0.0430525823541201,-1.24301321884878
"ENSMUSG00000073616",0.00307290850570481,0.294345062118348,0.547809751011397,0.441110618261191,-0.769921536626876,0.0131657949517221,1.19310716541857,0.187454284783608,-1.31773128763827,0.353467676238192,0.645297414407175,0.106646072091775,1.96302870204545
"ENSMUSG00000099471",0.0976131476778446,0.967732623932086,0.490898890072811,0.414960200447755,-1.27512680165377,0.60024774660415,1.06116588529626,0.250878390975248,-1.76602569172658,0.883354544438554,0.57026699522345,0.18189589731611,2.33629268695003
"ENSMUSG00000045382",0.0217384559092708,0.697240271124813,-0.628987051940263,0.0548505838559323,-1.24136481421025,0.101157632843007,-1.91226361564135,0.459202591395399,-0.612377762269985,0.222828219517815,-1.28327656370109,0.576245403659336,-0.670898801431103
"ENSMUSG00000052688",0.0303779283252622,0.269129870393002,-1.26230384579081,0.4338099073439,-1.73020952633171,0.120370373677271,-3.65911261950758,0.970234305532594,-0.467905680540903,0.176325366655072,-2.39680877371677,0.219182559290768,-1.92890309317587
"ENSMUSG00000041605",0.0173450095843356,0.0884703598390342,-5.20917216998612,0.887528734305905,-2.08540475971608,0.118208578690337,-6.4284174246183,0.109652938471628,3.12376741027004,0.472263718596363,-1.21924525463219,0.13527341636299,-4.34301266490222
"ENSMUSG00000026708",0.687857013283554,0.949595399504443,-0.37616817789533,0.963780963596177,0.176463525416232,0.983008313037914,0.161900129241687,0.811003766462314,0.552631703311562,0.832696345245248,0.538068307137017,0.99999994779947,-0.0145633961745453
"ENSMUSG00000026585",0.0181748382431169,0.0546631172514515,-0.494426328127742,0.140840658612429,-1.19063681775694,0.175377030067444,-0.600791836736736,0.360230215315366,-0.6962104896292,0.992047860653754,-0.106365508608994,0.484884479518581,0.589844981020206
"ENSMUSG00000084093",0.000677044869954189,0.261464165205986,0.805115367477347,0.0709771138524042,-1.29416164468037,0.00715834523562942,2.56502905452536,0.0273407757505134,-2.09927701215772,0.194621822102829,1.75991368704801,0.0183212917669804,3.85919069920573
"ENSMUSG00000052534",0.120090887709184,0.285875855216536,0.42582844526549,0.627816625619064,-0.615795477075698,0.594969561138984,0.396200828079315,0.32086731247139,-1.04162392234119,0.999999062375039,-0.029627617186175,0.340903086716181,1.01199630515501
"ENSMUSG00000026667",0.00818727407917453,0.631033670421787,-0.275983151429821,0.405597792371079,0.446475914513548,0.0657295631935282,-1.24685134484648,0.0434937443009505,0.722459065943369,0.114997035757084,-0.970868193416658,0.0325294307570811,-1.69332725936003
"ENSMUSG00000054057",0.145502052592658,0.511949034412625,-0.501702012670739,0.999997847770418,-0.058562349701872,0.29500912640591,-1.58618857821179,0.572396742424566,0.443139662968867,0.471614353825928,-1.08448656554105,0.308367919098677,-1.52762622850992
"ENSMUSG00000026740",0.0166344099530128,0.592220229039173,0.430089719368673,0.40480953397851,-0.68672970890927,0.31393363911617,0.674033598080159,0.139878283215318,-1.11681942827794,0.118191943660342,0.243943878711487,0.0976027720319714,1.36076330698943
"ENSMUSG00000015083",0.0004772726122336,0.0499120505378878,1.60842822998718,0.845075070045232,-0.515022661216174,0.00247645384626438,3.02959432606058,0.196628467962237,-2.12345089120335,0.778190123678618,1.4211660960734,0.115327045123833,3.54461698727676
"ENSMUSG00000036160",0.0140985117722769,0.825957075920493,-0.419423001584886,0.223851245855807,0.404785666547698,0.925071274926694,-0.151545494876944,0.400432047328115,0.824208668132584,0.958944167160537,0.267877506707942,0.062275497643435,-0.556331161424641
"ENSMUSG00000036067",0.128867576526211,0.999999999999978,0.00257383576260857,0.697566567244326,-0.496930718821804,0.2576140883501,-1.66827320917284,0.452592669881202,-0.499504554584413,0.270038576289725,-1.67084704493545,0.417736686842247,-1.17134249035104
"ENSMUSG00000082895",0.126584760150866,0.80340759491158,-0.694711869636093,0.184613451372191,-1.9013957895087,0.994464396432233,-0.189824912631987,0.375342027809734,-1.20668391987261,0.919610700369433,0.504886957004106,0.212458643481589,1.71157087687671
"ENSMUSG00000053746",0.000994264377022134,0.15554038635393,-2.13178302841262,0.728439871743633,0.457077642137386,0.0132144257010665,-2.71299153345345,0.124757813655776,2.58886067055001,0.581011175245502,-0.581208505040822,0.0110283223361606,-3.17006917559083
"ENSMUSG00000068966",0.0142988182504033,0.95747548331527,-0.15687582557609,0.679738426666773,0.301562154137515,0.097481154524131,-1.14712528298996,0.0938179866532789,0.458437979713605,0.149653811781161,-0.990249457413873,0.0695263543912819,-1.44868743712748
"ENSMUSG00000026890",0.0834671145261921,0.675410641505495,0.626754158054471,0.858082040477506,0.422972401984025,0.383363596619635,0.98736268098842,0.846085392910123,-0.203781756070446,0.645967842883829,0.360608522933949,0.0870583908724608,0.564390279004395
"ENSMUSG00000026915",0.376007515401348,0.50549515984283,-0.708020595336854,0.928332927578118,0.151520100208041,0.99627374644814,-0.150098727004312,0.395566677013452,0.859540695544895,0.777732189322582,0.557921868332542,0.948769005292226,-0.301618827212353
"ENSMUSG00000062997",0.046869280144663,0.999984316344252,-0.0398566932520909,0.483932847703839,-0.596960561859776,0.365056901184155,0.383665104595103,0.531613771370066,-0.557103868607685,0.28214649509017,0.423521797847194,0.197602606616644,0.980625666454879
"ENSMUSG00000026872",0.0163771900111806,0.374896164257536,-0.50971371793997,0.112591186357944,-1.27379378982494,0.0993992813095829,-2.28441889298092,0.306161303579567,-0.76408007188497,0.139008799897925,-1.77470517504095,0.342426025414191,-1.01062510315598
"ENSMUSG00000086881",0.108808914802037,0.285781803346623,-1.07961440008129,0.736514134934412,-0.578130048782284,0.42844387210731,-1.65895187361488,0.861277805170183,0.501484351299004,0.926511502032949,-0.579337473533591,0.662665330760707,-1.08082182483259
"ENSMUSG00000044916",0.00155256645443548,0.987726498302651,0.295622097466731,0.998603725546711,0.101323176472245,0.045533886519013,1.64591350864817,0.997789805047749,-0.194298920994486,0.500382474794792,1.35029141118144,0.00229090815620525,1.54459033217593
"ENSMUSG00000087006",0.0875844147660356,0.197354926247771,-2.4778084657716,0.99954650025306,-0.302556057896556,0.292300226391233,-1.47762719518398,0.234749604285321,2.17525240787505,0.602004065241518,1.00018127058762,0.445084817865766,-1.17507113728743
"ENSMUSG00000005089",0.000119152826302869,0.240257746075416,1.31261268092972,0.399946278468224,0.894688069277634,0.0695511607812274,3.48766716040333,0.799749524973084,-0.417924611652088,0.181845338018593,2.1750544794736,8.64256510941797e-05,2.59297909112569
"ENSMUSG00000027115",0.0836910329271681,0.607395839632898,-1.4307363996235,0.459697688395631,-0.905126943908058,0.158365847165715,-1.29806182385093,0.9691600050163,0.525609455715443,0.999966311420424,0.132674575772573,0.922578067742642,-0.39293487994287
"ENSMUSG00000027351",0.0133369842940048,0.443045618301001,-0.561809045952871,0.224706389893958,0.33200397916318,0.113607396732683,-1.30774423241435,0.213575923514863,0.893813025116052,0.364072457881658,-0.745935186461483,0.0759648250861527,-1.63974821157753
"ENSMUSG00000033943",0.00880365362575797,0.137770428571306,-0.929071096745757,0.0138716540935648,-0.695982309507435,0.105603783764935,-1.25422294755452,0.891779358969052,0.233088787238322,0.901948903467388,-0.325151850808759,0.484036946035555,-0.558240638047082
"ENSMUSG00000035093",0.181187348013505,0.621079362102927,0.323429923211376,0.42499585214406,-0.589713130457187,0.979580549588048,0.0947747109563416,0.20143230548763,-0.913143053668563,0.771740777932676,-0.228655212255034,0.325457982975995,0.684487841413528
"ENSMUSG00000051319",0.00188266599332906,0.728270346558587,0.351475291682147,0.246913144266497,-0.889509553065994,0.0220230697979122,1.42479558048759,0.122480734459963,-1.24098484474814,0.0750364458766086,1.07332028880544,0.0479998172116138,2.31430513355358
"ENSMUSG00000014353",0.0865818395185934,0.780586318280202,0.611065828669196,0.812942563635206,0.509777486360927,0.250120796984421,1.22915738949621,0.999945649095045,-0.101288342308269,0.733080825907298,0.618091560827011,0.360337548188648,0.719379903135281
"ENSMUSG00000032802",0.00295575644609688,0.0348379750268191,-3.22933105005293,0.589593762987516,0.775392574133487,0.079754420339377,-2.70752009669181,0.0300549530789901,4.00472362418641,0.746873718324663,0.521810953361117,0.0649890350532332,-3.4829126708253
"ENSMUSG00000074698",5.35205960717029e-05,0.547730546303809,0.412330412243643,0.302559425488343,-0.42168581603673,0.524407292941778,0.451890961721285,2.74803981520355e-05,-0.834016228280373,0.999824425511091,0.0395605494776419,0.000502242540683429,0.873576777758015
"ENSMUSG00000103285",0.185386554238943,0.999703396543307,0.261974989929945,0.213791240325722,-2.31265615528734,0.999999696722733,-0.0688504720580922,0.190456092166677,-2.57463114521728,0.998303219862788,-0.330825461988037,0.245838390671165,2.24380568322924
"ENSMUSG00000095362",0.0500243188170372,0.595811909191849,0.679291373972356,0.128336351982483,1.70773192415231,0.166096074334321,1.51519504884213,0.181910347623427,1.02844055017995,0.241598036175278,0.835903674869777,0.980215261090875,-0.192536875310174
"ENSMUSG00000078862",0.0493428503168169,0.849333731745533,0.491573128764048,0.441136930570406,1.05136027439189,0.376610979699485,1.16713657222249,0.335397105340576,0.559787145627841,0.0685312551569265,0.675563443458444,0.998977445675581,0.115776297830604
"ENSMUSG00000063018",0.015992752816083,0.144636649660284,-1.69365586390832,0.999650909219287,0.183365575437226,0.0904662738632377,-2.47161340372871,0.131804213326138,1.87702143934555,0.542273044221297,-0.77795753982039,0.085807334903437,-2.65497897916594
"ENSMUSG00000037341",0.00352054165163251,0.316869604584069,-0.990165440085292,0.379366903815616,1.0541330194343,0.7902011470096,-0.409397056735536,0.0919241788895683,2.04429845951959,0.599299677629389,0.580768383349756,0.00644405678265825,-1.46353007616983
"ENSMUSG00000045284",0.0776673264078527,0.999964450507553,-0.0934750103822694,0.292018246160235,-1.48982157365703,0.640188663761454,0.626739022801551,0.318430813490868,-1.39634656327476,0.483687236766053,0.720214033183821,0.190627797559191,2.11656059645858
"ENSMUSG00000025626",0.334457574443472,0.973030696564609,-0.31028673847195,0.591926750027129,0.230798879239482,0.750603350876077,-0.43735366934889,0.848349885553792,0.541085617711433,0.999888806005672,-0.12706693087694,0.505651444860882,-0.668152548588373
"ENSMUSG00000031383",0.00263797643400275,0.224977717267177,-3.08332126158821,0.885974041917467,1.05624849655213,0.0227244382617695,-3.48519962154558,0.187639558842108,4.13956975814034,0.94788673314572,-0.401878359957371,0.0183465254608278,-4.54144811809771
"ENSMUSG00000031402",0.0280327737063055,0.156920332428583,-1.16606708323903,0.403419304822897,-0.315301434038788,0.110748373480284,-1.73571695531679,0.293504411309576,0.850765649200244,0.69260837885333,-0.56964987207776,0.147003827521821,-1.420415521278
"ENSMUSG00000006678",0.00121673563112408,0.121380223639711,-1.47845157263177,0.0050753279044391,-0.827714223156484,0.0384472026363027,-2.43811878883286,0.460361558517305,0.650737349475285,0.211778063810969,-0.959667216201088,0.0726309441465686,-1.61040456567637
"ENSMUSG00000082284",0.0344770431703577,0.387817905582833,0.8837446121964,0.240356188890639,-1.16543869968817,0.350991220352082,0.964247474107833,0.103313473554253,-2.04918331188457,0.999929850689835,0.0805028619114333,0.0991759997463143,2.129686173796
"ENSMUSG00000086370",0.0211813324775367,0.0975553996633264,0.723778484520938,0.664903667377728,-0.589963471483976,0.0525356872109132,0.582776496547451,0.231980226224105,-1.31374195600491,0.996559205495654,-0.141001987973487,0.290032635052594,1.17273996803143
"ENSMUSG00000031231",0.000608771585833297,0.0566997326564405,1.05047790791012,0.721865596718416,-0.696593389792748,0.00268539547609981,2.08167956693804,0.254307411538053,-1.74707129770287,0.408790149303963,1.03120165902792,0.159929554795776,2.77827295673079
"ENSMUSG00000025257",0.047246347415288,0.723377312104332,-0.714672294759211,0.999957272292689,0.0733816731227891,0.70024010242354,-0.418374782348758,0.58497808512552,0.788053967882,0.968741023832112,0.296297512410452,0.0451785600041261,-0.491756455471548
"ENSMUSG00000046873",0.0890313772648525,0.548613024373008,-0.652952936502273,0.66525022802375,-0.129030269525951,0.208818057464818,-0.673417410675157,0.689765228658057,0.523922666976323,0.999999985415087,-0.0204644741728841,0.297674432421336,-0.544387141149207
"ENSMUSG00000040990",0.0378419672319651,0.167061737314125,-1.08791988444836,0.449660952766515,-0.991990660406559,0.215470606711154,-2.67286965038987,0.999958521504955,0.095929224041801,0.37811283724199,-1.58494976594151,0.340282683421617,-1.68087898998332
"ENSMUSG00000027536",0.00165059129755763,0.0050250766139035,-1.52309945979602,0.893202417293619,-0.781823791608775,0.0539541822815074,-2.72357985659839,0.648952521958636,0.741275668187242,0.190339874680838,-1.20048039680238,0.0815074393087741,-1.94175606498962
"ENSMUSG00000078784",0.0244624794927289,0.48368829893684,0.370379738792834,0.880634417465856,-0.386261124755024,0.0514447450046716,0.635726292257549,0.519143233918984,-0.756640863547858,0.780094106712384,0.265346553464716,0.330439765619744,1.02198741701257
"ENSMUSG00000102758",0.00913427140194839,0.618646047193859,0.701927061217689,0.349128467230051,-1.14657480441175,0.0609244237965786,1.91276746518644,0.175864168453818,-1.84850186562944,0.495587634424713,1.21084040396875,0.101622602649853,3.05934226959819
"ENSMUSG00000027712",0.0108147227918311,0.113363968469194,-1.18148361863752,0.999996733347112,0.0575595322767132,0.0572925829035698,-1.97788512234395,0.126089153320245,1.23904315091424,0.319780753194803,-0.796401503706427,0.0454826032033537,-2.03544465462066
"ENSMUSG00000059834",0.0121843345597543,0.999274406169895,0.0556702494802755,0.4674620435561,-0.654747980796927,0.019751557691135,0.793200449039656,0.407793337977702,-0.710418230277203,0.0552671956424404,0.737530199559381,0.109178345528666,1.44794842983658
"ENSMUSG00000056476",0.00116527807763953,0.310602720181512,-1.41775403215854,0.96860390795355,0.392893823688646,0.0652009514249061,-1.12724699904026,0.211309937726074,1.81064785584719,0.97149125917227,0.290507033118283,0.000810403680803429,-1.52014082272891
"ENSMUSG00000027762",0.00795422702836423,0.0795478733069527,1.79273084228212,0.880915743629639,-0.555625664922549,0.0420009614559536,3.28523551640442,0.196339610660611,-2.34835650720466,0.6620075811449,1.49250467412231,0.139818783294036,3.84086118132697
"ENSMUSG00000027763",0.0534420834898893,0.88407761182408,0.169201466813474,0.130861058095719,-1.19017551871351,0.941814168782106,-0.184171164328419,0.102916031968493,-1.35937698552698,0.618181612312429,-0.353372631141893,0.1715770235852,1.00600435438509
"ENSMUSG00000027770",0.322644376552716,0.988382238368302,-0.120180890549538,0.359845101499492,-0.834066563730173,0.992046838787582,-0.078386467687036,0.47180635715096,-0.713885673180634,0.999969886280966,0.0417944228625022,0.421781697581655,0.755680096043136
"ENSMUSG00000027787",0.0178153132962911,0.423770879688332,-0.922735677801991,0.865201964601649,0.2411940174475,0.121943501269502,-0.469519227055823,0.306520505109766,1.16392969524949,0.819686183940722,0.453216450746168,0.0205205669706869,-0.710713244503323
"ENSMUSG00000042766",0.149437449986602,0.395634827779736,-1.25615935536116,0.998773874988908,-0.120259127030686,0.303265322255641,-0.533651492953156,0.454056050533005,1.13590022833047,0.709173605947798,0.722507862408001,0.724922621976769,-0.41339236592247
"ENSMUSG00000001025",0.0589994950129958,0.330731402539469,-2.13354525027898,0.71051377850331,-2.35697120664159,0.177991436878486,-4.41085498036284,0.999949961480138,-0.223425956362615,0.293676532226547,-2.27730973008386,0.344909653131987,-2.05388377372125
"ENSMUSG00000094613",0.00370253194053864,0.315336306579219,3.45142147206749,0.2902222260933,-1.06609751140743,0.283500753740927,4.14472794443579,0.0164983223804839,-4.51751898347492,0.986643554723561,0.693306472368306,0.0146646893945657,5.21082545584322
"ENSMUSG00000027965",0.0140823312408214,0.824381439273012,0.848982597948838,0.16983495844132,-1.68659126229159,0.12956828402292,2.78165442783903,0.0975790511234664,-2.53557386024042,0.705711700845797,1.9326718298902,0.0666118554921142,4.46824569013062
"ENSMUSG00000000340",0.000190465293821601,0.192185593927546,0.536583616835384,0.599088350738568,-0.431761834583824,0.000624386638024554,1.43063224539614,0.154918656267933,-0.968345451419208,0.154873025072138,0.894048628560758,0.0472671742838059,1.86239407997997
"ENSMUSG00000028256",0.0296762424274311,0.995855069970843,0.13791255055433,0.366353721886892,-0.746898189995117,0.0503272989869998,0.560967801505416,0.322126942013906,-0.884810740549447,0.820332237642125,0.423055250951086,0.151002322055726,1.30786599150053
"ENSMUSG00000054942",0.0125251990100146,0.436143544397106,-1.32324513648308,0.371340578750427,-0.619458864830192,0.0436779994769668,-1.34048868879784,0.79455773192845,0.703786271652888,0.999999998748327,-0.0172435523147611,0.213429865366803,-0.721029823967649
"ENSMUSG00000025437",0.0594385107826055,0.999370636094823,-0.14931267097345,0.194964381743232,1.03307663647481,0.917376104600585,0.266835468039065,0.313439843636707,1.18238930744826,0.868385439762576,0.416148139012515,0.0876911829204279,-0.766241168435747
"ENSMUSG00000104546",0.102283230947003,0.766919360968346,0.438658732897729,0.182164448408792,-1.14097757656489,0.998781320360551,0.110562978685929,0.0886964545513478,-1.57963630946262,0.974052811256843,-0.3280957542118,0.158909364031288,1.25154055525082
"ENSMUSG00000039068",0.0277559163275457,0.913537015722783,-0.160161465830535,0.3352179423717,-0.230121088946854,0.0690064998235974,-0.981734246064528,0.997674352695067,-0.0699596231163194,0.083408124542943,-0.821572780233993,0.100508106085443,-0.751613157117674
"ENSMUSG00000086765",0.0936335202701251,0.997084545002099,0.325981230434499,0.249896749911514,2.22677491109622,0.217110910175854,2.52028554138903,0.488452137347807,1.90079368066172,0.431067888311908,2.19430431095453,0.97769189059221,0.293510630292818
"ENSMUSG00000040410",0.00463913460626013,0.370357306100381,0.607035151551494,0.943440218061379,-0.299570586175296,0.0157917355044326,1.33386007974174,0.394171799776763,-0.90660573772679,0.471214752496517,0.726824928190247,0.137865086545703,1.63343066591704
"ENSMUSG00000028261",0.0119644074908216,0.405329048575719,0.545959021879882,0.726421156262548,-0.514423206024815,0.0328697783010526,1.13201483799855,0.28468714862406,-1.0603822279047,0.482088212704759,0.586055816118673,0.139901255964461,1.64643804402337
"ENSMUSG00000073888",0.0185743207311695,0.963811171296766,0.24483306319403,0.32358155275865,-1.03007934941678,0.0439403322165839,1.46744641956615,0.242604726800696,-1.27491241261081,0.237284495183532,1.22261335637212,0.0801954426904417,2.49752576898293
"ENSMUSG00000035539",0.00170778725899666,0.165229527970621,-4.31524635512828,0.861129572982698,-1.45191593982494,0.00408629652704762,-4.00578685652595,0.217267637792523,2.86333041530335,0.988152934541477,0.309459498602337,0.00674299378833954,-2.55387091670101
"ENSMUSG00000039005",0.272093856322782,0.999990788164571,-0.0933548384589203,0.999983013088537,0.0959699899851692,0.306172978374514,-1.78407616671218,0.998336530299551,0.189324828444089,0.320269748637084,-1.69072132825326,0.297757585832283,-1.88004615669735
"ENSMUSG00000039270",0.0721022371965156,0.80040510260782,-0.74859868815657,0.233534097870172,0.855227946370707,0.999911594370444,0.100370010970619,0.398848551159459,1.60382663452728,0.758637679730347,0.84896869912719,0.524927506414674,-0.754857935400088
"ENSMUSG00000037996",0.0571476934781808,0.999985322605971,-0.153250149680527,0.100927426216046,-2.67086407866365,0.955937613196607,0.823672545540281,0.10790972843174,-2.51761392898312,0.88548231771447,0.976922695220808,0.0963103527566079,3.49453662420393
"ENSMUSG00000028582",0.00100524568834495,0.3304997972164,-0.77158434222471,0.146902102583931,-0.528312826052798,0.00366382695928791,-0.970788681056686,0.959529940760112,0.243271516171912,0.961145295061158,-0.199204338831975,0.13311882459402,-0.442475855003888
"ENSMUSG00000059027",0.00825518418501185,0.188506741081607,1.34404281079259,0.896326434680486,-0.613259683053943,0.0366158559479929,3.36611804759417,0.355853936679819,-1.95730249384653,0.505611815925907,2.02207523680158,0.202812569712594,3.97937773064811
"ENSMUSG00000028719",0.293318488417389,0.999275977451904,0.0764460421187393,0.903084076521253,-0.33515072836032,0.346229124640614,0.276978581256044,0.888542252987269,-0.411596770479059,0.968858206892461,0.200532539137305,0.620653150541546,0.612129309616364
"ENSMUSG00000042608",0.0259103955473945,0.360236631260086,-1.11776895438366,0.920483876582254,0.298668826300451,0.0974236738816188,-0.77508683346878,0.256410855196834,1.41643778068411,0.95100738117864,0.342682120914877,0.0328832301720556,-1.07375565976923
"ENSMUSG00000085334",0.0141532661473466,0.499767576092154,0.555079363411867,0.0635806679604817,-1.47070573442091,0.31883337069591,0.513841730152855,0.03513590423277,-2.02578509783278,0.999997875056383,-0.0412376332590128,0.0482599483528736,1.98454746457377
"ENSMUSG00000028795",2.16767876666527e-05,0.531122246018212,0.317920696227173,0.494575532337574,-0.280460442046237,0.0491583084205978,0.923663295619382,0.000780999077817257,-0.59838113827341,0.00117653169686494,0.605742599392209,5.28057399140636e-05,1.20412373766562
"ENSMUSG00000083816",0.000276410521178209,0.960536546943106,0.579825779175283,0.316910819356397,-1.26247390674456,0.0365208602372117,-1.58601345965601,0.115041980438625,-1.84229968591984,0.00101102157018984,-2.16583923883129,0.84932860529303,-0.32353955291145
"ENSMUSG00000037157",0.00911893275108427,0.842533399683631,-0.680118953806854,0.148138031042452,2.57857649531668,0.223417253194791,-1.52285009744898,0.169169285205702,3.25869544912353,0.618138693847386,-0.842731143642131,0.0757540880218086,-4.10142659276566
"ENSMUSG00000045349",0.258086792383199,0.678049230511793,-0.995950371523659,0.954416608311876,-0.577697133887981,0.325312148364674,-2.26055655703412,0.935967063841484,0.418253237635678,0.568240817316309,-1.26460618551046,0.43266426862415,-1.68285942314614
"ENSMUSG00000017264",0.00010652707326751,0.52491897106806,-0.518401611334192,0.999999997343316,0.0067067650192167,0.00137980163817952,-0.957470545378679,0.466413396977257,0.525108376353409,0.363128962104533,-0.439068934044487,0.000555917042897813,-0.964177310397896
"ENSMUSG00000041936",0.0292259232659226,0.213810282443043,-0.994348727433209,0.112105938697832,-0.668781491497733,0.171155917331232,-1.6655166410324,0.866102537547552,0.325567235935476,0.64619070771827,-0.671167913599189,0.360888149508191,-0.996735149534665
"ENSMUSG00000106918",0.0186474791597873,0.644763030744872,0.279248897692119,0.424097915057665,-0.654681819707985,0.0635733587476355,0.608477404333302,0.226104817332509,-0.933930717400104,0.483988831929448,0.329228506641183,0.139835362236379,1.26315922404129
"ENSMUSG00000105519",0.188983795078433,0.971033094802237,-0.870854803711738,0.228783924468818,-3.00559319512618,0.991673401521024,-0.515631188576567,0.324038158941032,-2.13473839141445,0.999518434658362,0.35522361513517,0.272129973008422,2.48996200654962
"ENSMUSG00000106538",0.0151358370527375,0.0658734403651245,3.14727618886773,0.997464862188892,-0.24745411901419,0.0703581765608086,3.15646389255366,0.179652135216378,-3.39473030788192,0.999999999998354,0.00918770368592776,0.182915828417182,3.40391801156785
"ENSMUSG00000106397",0.0154142255156079,0.22205539835972,2.2197285507763,0.487834763042799,1.20590239146828,0.130268285448067,4.99483866082803,0.600877449511626,-1.01382615930801,0.380652114355556,2.77511011005173,0.102414542539113,3.78893626935975
"ENSMUSG00000057068",0.0106707688199142,0.145645277204508,2.45492172546705,0.999999999049991,0.0193135107365473,0.0867446159717069,4.45137086048566,0.175808148808116,-2.4356082147305,0.381867866825607,1.99644913501861,0.106878202311375,4.43205734974912
"ENSMUSG00000034663",0.0855609073539077,0.450831514406835,-0.498274415781545,0.938015121340619,-0.169374233213119,0.126661070049743,-1.2932479999449,0.64029722309249,0.328900182568426,0.347249889158452,-0.794973584163356,0.180221980617275,-1.12387376673178
"ENSMUSG00000029501",0.810320515630226,0.999999913622972,0.027921821079529,0.999063500834121,0.0589354074315947,0.992871556302794,-0.0761382428184936,0.999999842261189,0.0310135863520656,0.999683400503063,-0.104060063898023,0.86688918576272,-0.135073650250088
"ENSMUSG00000097767",0.452958627461632,0.999975838149591,0.172331894123878,0.507334970417739,-2.1247339713903,0.99953334807017,-0.402293556544117,0.480352680272571,-2.29706586551417,0.995998548317032,-0.574625450667994,0.641028443294567,1.72244041484618
"ENSMUSG00000053334",0.110670955732378,0.10319457907504,1.5241825315114,0.171266587164187,1.21675114258836,0.150434366272318,1.31391160924826,0.955699173280653,-0.307431388923039,0.877240787013624,-0.210270922263145,0.999540190254729,0.0971604666598947
"ENSMUSG00000042719",0.000412201749827957,0.445858781971203,-0.481940659610483,0.999998063930146,0.0159756968369432,0.0163720627315965,-0.495516571547474,0.402412664492328,0.497916356447426,0.999999942178617,-0.0135759119369914,0.000287000085565814,-0.511492268384417
"ENSMUSG00000106110",0.0690804248260185,0.443120122841254,-2.17338592358959,0.949698368766843,1.17627163592401,0.224125693641346,-2.78113018681928,0.326124717788812,3.3496575595136,0.948450974006276,-0.607744263229686,0.190785486465442,-3.95740182274329
"ENSMUSG00000053293",0.00331108667638657,0.0654358968148387,-0.881865095643383,0.466891913746842,0.538743835392972,0.0354684279517149,-1.83767485816131,0.0203278944129572,1.42060893103635,0.125905456487607,-0.955809762517924,0.015849837173829,-2.37641869355428
"ENSMUSG00000039754",0.00221590713071882,0.511381903271095,-0.687775433773704,0.559139937203659,0.386413624684105,0.0887695361493273,-0.592618257936998,0.245529729008075,1.07418905845781,0.9996424887594,0.0951571758367066,0.0038146929566284,-0.979031882621102
"ENSMUSG00000037344",0.0581104285209737,0.967463974591917,0.219017036211222,0.230590836880203,-0.949434972308454,0.999985171144435,-0.0502583098829748,0.13773628218329,-1.16845200851968,0.319655293562891,-0.269275346094196,0.228001464708338,0.899176662425479
"ENSMUSG00000038722",0.000512066235416832,0.173457080663714,0.454813733843799,0.99994007387923,0.0627336166726854,0.00208788079375111,0.998677318835575,0.837085949129409,-0.392080117171113,0.228387391152,0.543863584991776,0.272545805346646,0.935943702162889
"ENSMUSG00000029650",0.00106866023011863,0.0690982485244611,1.45398072723842,0.999924035308118,-0.0748949091037777,0.0308177721340491,2.62716452981967,0.0451099151554536,-1.5288756363422,0.16586356271799,1.17318380258125,0.0217552835601938,2.70205943892345
"ENSMUSG00000086610",0.0156727357385484,0.864889718254757,0.587479073478968,0.306464583048793,1.4894912266611,0.14154046184194,2.87159222187207,0.517081420947781,0.902012153182127,0.127790229794317,2.28411314839311,0.125439619186169,1.38210099521098
"ENSMUSG00000012483",0.076597105872024,0.817807214337352,0.438406000546168,0.53564101557243,-0.911672625434051,0.273411228301889,0.78794366754759,0.312034691501225,-1.35007862598022,0.871561376526989,0.349537667001422,0.230864597497463,1.69961629298164
"ENSMUSG00000018999",0.0438881896934008,0.613943900582574,0.555610937867601,0.0368812042154579,0.527428931472406,0.175071998907702,0.447967697803737,0.999999942525106,-0.0281820063951951,0.999886013852812,-0.107643240063864,0.998076805264021,-0.0794612336686693
"ENSMUSG00000063455",0.061812053296506,0.348461070973592,-1.44027161672303,0.99999035629974,-0.0676852550531366,0.164502367775163,-1.98329974451852,0.389688717380702,1.3725863616699,0.890219318914085,-0.543028127795492,0.170464619067829,-1.91561448946539
"ENSMUSG00000029832",0.00674433251346779,0.0672010766547874,-1.38302531258671,0.00561483876607571,-1.96662761084317,0.258253162933194,-2.34013377031901,0.210897977541595,-0.583602298256465,0.627175692973651,-0.957108457732307,0.970647865015414,-0.373506159475842
"ENSMUSG00000056091",0.0105929221383205,0.452951334369499,1.18831941137587,0.276094409830216,1.50515302522143,0.134888566409866,2.77587151000865,0.992613456300908,0.316833613845563,0.514587312083918,1.58755209863278,0.0194043048471229,1.27071848478722
"ENSMUSG00000034832",0.0200892265482644,0.28051688238572,-1.4974721718214,0.95778211048291,-0.206107769657482,0.0497592508401841,-1.50231609384999,0.341339177865164,1.29136440216392,0.999999999999075,-0.00484392202858746,0.0706314524318592,-1.29620832419251
"ENSMUSG00000030057",0.232597135821861,0.992132634265261,-0.131290013420221,0.996459758677971,-0.0858818506679109,0.396230230762799,0.156533645303534,0.999992442761067,0.0454081627523103,0.813137984073804,0.287823658723755,0.737938425067218,0.242415495971445
"ENSMUSG00000030084",0.0190436810999953,0.322401403304332,-1.4755589794241,0.988860299359736,-0.308457367109592,0.0522899091897535,-2.80792626064322,0.492309112983432,1.16710161231451,0.169157249500423,-1.33236728121912,0.0479614945824113,-2.49946889353363
"ENSMUSG00000034430",0.0166612642365131,0.303548769894474,-1.12348191983966,0.624951335755306,-0.274950954078887,0.0396816566144976,-0.904241027366248,0.457559102589119,0.848530965760777,0.988656283334063,0.219240892473417,0.105788666821251,-0.629290073287361
"ENSMUSG00000030089",0.034453390938368,0.932556712608596,-0.520947814764681,0.999999891994732,0.0353161386949937,0.128105750485354,1.24546879692347,0.938396631020584,0.556263953459675,0.368531018580334,1.76641661168816,0.366777988585996,1.21015265822848
"ENSMUSG00000030254",0.00212662775461711,0.316429977604014,-1.7239043821525,0.999939589175599,0.0923210561040769,0.00547322231440928,-1.75127727721175,0.303216788285808,1.81622543825658,0.999999972649688,-0.0273728950592461,0.00594975475378523,-1.84359833331583
"ENSMUSG00000030271",0.0554395914378855,0.723825464551649,-0.527811777323899,0.833022509249514,0.107604358780349,0.135816107375676,-0.548541048634016,0.615098326683537,0.635416136104248,0.999999980487456,-0.0207292713101175,0.0855907273519614,-0.656145407414366
"ENSMUSG00000030019",0.0566565795868027,0.682797904255093,-0.138476395436449,0.999996894310758,-0.0251957917470454,0.0722588063927155,-0.880917163463948,0.975471560383363,0.113280603689403,0.132513494737023,-0.742440768027499,0.0857716736016485,-0.855721371716902
"ENSMUSG00000030340",2.17256001449016e-05,0.000538334406503305,1.37038926815036,0.999957599337369,-0.0699806598282098,4.57247583429687e-06,2.39087514520641,0.197369337166223,-1.44036992797857,0.214804913124569,1.02048587705604,0.105230127738883,2.46085580503462
"ENSMUSG00000067344",0.0145620571903307,0.995004366271202,0.114097175188537,0.16089909996589,-0.894391094438814,0.0678237163423213,0.5894505467311,0.126495152641422,-1.00848826962735,0.4823440763781,0.475353371542563,0.0713209690528421,1.48384164116991
"ENSMUSG00000033961",0.134089428536214,0.168145833920904,0.447180663429909,0.997008499318686,-0.144230082300114,0.292082047314377,0.333900270450759,0.5762122898816,-0.591410745730023,0.957408043161136,-0.11328039297915,0.704905459370301,0.478130352750873
"ENSMUSG00000087593",0.0302903141626006,0.277282968844211,1.05526257091595,0.668759264640425,-0.72122516075027,0.132199620415991,1.41011052504431,0.195157139028963,-1.77648773166622,0.972431628690393,0.354847954128356,0.156242400957736,2.13133568579458
"ENSMUSG00000040511",0.00143065552970069,0.113635608181209,-2.04240522501126,0.992892287453484,0.257351948182119,0.00566538481487133,-2.29241406017206,0.111549484624163,2.29975717319338,0.97516897433952,-0.250008835160792,0.0123908369032395,-2.54976600835417
"ENSMUSG00000057101",0.39088718551711,0.839704309457394,0.37737976042575,0.550891446974749,0.572560548829422,0.525214605411129,0.588386917637346,0.907674917514454,0.195180788403672,0.825764705517344,0.211007157211596,0.999999121467921,0.0158263688079248
"ENSMUSG00000099689",0.0154071314924424,0.0656799392941324,1.40413246125788,0.876398755837033,-0.513522645351533,0.128302483322854,0.965476082238245,0.222103892563476,-1.91765510660941,0.500918866080101,-0.438656379019631,0.315739093760129,1.47899872758978
"ENSMUSG00000056383",0.000169170876247946,0.951332346839759,-0.224314223838199,0.820156572124694,-0.215521314204194,0.000124721598608435,0.922723401348325,0.999999999780658,0.00879290963400525,0.172098237049657,1.14703762518652,0.0358507979419068,1.13824471555252
"ENSMUSG00000004612",0.0861717481539064,0.99966628842746,-0.203003146930718,0.155731445022299,-1.50655512526405,0.426705974078486,-2.05930391000937,0.207548243113969,-1.30355197833333,0.468854624193413,-1.85630076307865,0.952875568797106,-0.552748784745318
"ENSMUSG00000109536",0.0179418219773356,0.389563202430346,-1.46423226715338,0.311466687285672,-0.723196349091782,0.0448906009526862,-1.53082431304583,0.762920587455549,0.741035918061594,0.999996657645303,-0.0665920458924565,0.222570279245714,-0.80762796395405
"ENSMUSG00000074071",9.79951474545324e-06,0.125428780637387,0.92832874587111,0.000157557108591444,0.95496742494434,4.10781409148075e-05,2.29911286494243,0.999999948432316,0.0266386790732299,0.344805221043952,1.37078411907132,0.0145868822694615,1.34414543999809
"ENSMUSG00000108633",0.0432978493749295,0.99999997703581,-0.0783287754057549,0.0953949657027496,-3.04014894074597,0.875799712997059,0.981123938362108,0.0887573971284017,-2.96182016534022,0.975038430049841,1.05945271376786,0.0717113674027753,4.02127287910808
"ENSMUSG00000035686",0.0169561912340468,0.14110790805153,3.6435330748362,0.887103352937673,0.594804703985699,0.111496310333598,5.94449559315761,0.11695422346173,-3.0487283708505,0.756465579367532,2.30096251832141,0.095543302930709,5.34969088917191
"ENSMUSG00000030729",0.00161784090735617,0.00312065619181212,-0.812141902344013,0.178479374925179,-1.5439228913922,0.124214120346895,-1.42341297973331,0.520767087410825,-0.731780989048191,0.496572902956214,-0.611271077389295,0.999791372828936,0.120509911658896
"ENSMUSG00000044881",0.00191180947994226,0.0200607482822974,1.13234893803545,0.999953173482665,-0.0628422470712507,0.00820594561828991,1.34620294218568,0.144087638204362,-1.1951911851067,0.620401284324345,0.213854004150235,0.111213546824624,1.40904518925694
"ENSMUSG00000109656",0.178165394276566,0.28028215646838,2.12930598931672,0.516212695216586,1.24497030598187,0.259116523845988,2.10652483983364,0.73326054007607,-0.884335683334851,0.999999999443466,-0.0227811494830829,0.763131513003763,0.861554533851768
"ENSMUSG00000055723",2.83763277892566e-05,0.105103888573556,-0.834419539384359,0.465311112841182,0.205295076305408,0.000490649661879949,-1.10086339703609,0.0508720659685183,1.03971461568977,0.625136567866612,-0.266443857651728,6.66587560038678e-05,-1.3061584733415
"ENSMUSG00000030664",0.00462304001639572,0.257819440392323,1.5317713336847,0.983917445642672,-0.316046951451832,0.0890516258445232,4.56137433772974,0.130206003643026,-1.84781828513653,0.121871505176346,3.02960300404504,0.057608214349247,4.87742128918157
"ENSMUSG00000054381",0.184089573787259,0.857009925507822,-0.51082686840802,0.516391678934684,0.389691599197268,0.818115496858298,-0.284944866166493,0.566348272940007,0.900518467605288,0.995246778676087,0.225882002241527,0.25556352280559,-0.674636465363762
"ENSMUSG00000044139",0.00539741737013496,0.183610831104502,1.72152895665679,0.39141766283795,-0.787948593668936,0.123196719338693,2.2766476617489,0.0264483583211397,-2.50947755032573,0.953630781590495,0.555118705092111,0.0201479643324733,3.06459625541784
"ENSMUSG00000040331",0.00224291231128982,0.239409091247754,0.340482297043492,0.296414203908114,-0.475413535786977,0.00525432318143937,0.662546323663088,0.0827381121354628,-0.815895832830469,0.565775104888344,0.322064026619596,0.0347165352111892,1.13795985945007
"ENSMUSG00000051007",0.012127369214482,0.999990990666398,0.0624404161116181,0.403041832800942,0.429534394443945,0.00707737998942437,0.81946309333369,0.960991954894411,0.367093978332327,0.645198846767216,0.757022677222072,0.692944231145177,0.389928698889745
"ENSMUSG00000019082",0.0380793515211069,0.983842407106507,-0.287242856922888,0.251862464674532,1.05693864788216,0.140625418594447,1.44850109706245,0.220639466689102,1.34418150480505,0.172235343473563,1.73574395398533,0.825361687028395,0.391562449180284
"ENSMUSG00000053046",0.341448912188683,0.997326174775259,-0.406492074838238,0.393878388205632,-1.96386272322958,0.999999997715612,0.0340314620558224,0.494772473631075,-1.55737064839134,0.987475204674714,0.44052353689406,0.376307389512544,1.9978941852854
"ENSMUSG00000061759",0.07964953639929,0.708161014930727,0.551720434828972,0.560207688083138,0.534464987504064,0.270260751394455,0.902585026190167,0.999999981304807,-0.0172554473249086,0.898318795364912,0.350864591361195,0.125456310043261,0.368120038686104
"ENSMUSG00000078452",0.0243175892930267,0.177892594888428,1.71870155257736,0.192609093017027,1.5499759912487,0.100003140332248,2.75675936897723,0.999423423515516,-0.168725561328658,0.547675106700007,1.03805781639987,0.193903351692848,1.20678337772853
"ENSMUSG00000019866",0.0458958626981241,0.738535926379043,-0.652553576243675,0.969629045439508,0.175451070167256,0.790651187983112,-0.283199709711217,0.555270312752117,0.828004646410931,0.932792558393296,0.369353866532458,0.0686578648410783,-0.458650779878473
"ENSMUSG00000038583",0.0276511357204466,0.641914550782775,-1.42660107816391,0.0695494138167224,-3.7052217710426,0.526169818399015,-1.13940262339786,0.0991927880125191,-2.27862069287869,0.997973801162116,0.287198454766052,0.0968354131569104,2.56581914764474
"ENSMUSG00000057337",0.367435702071913,0.937187375306032,0.709063603195489,0.646080909642535,-1.39644663186922,0.894991104385313,0.679609058607529,0.467451025414056,-2.10551023506471,0.999999999336346,-0.0294545445879603,0.471342478160276,2.07605569047675
"ENSMUSG00000020099",0.00371649699426438,0.0658100709810165,-1.75662929209908,0.946584847620114,-0.386969257081132,0.0313259329927679,-2.99160109251088,0.0901399435887414,1.36966003501795,0.121099721542136,-1.2349718004118,0.0255242086869134,-2.60463183542975
"ENSMUSG00000019944",0.0939099747327547,0.774887736476803,-0.540728538972258,0.764373475258206,0.233501903681297,0.132105707596741,0.855542747689106,0.560686217549232,0.774230442653555,0.263984465541848,1.39627128666136,0.370025230902097,0.622040844007809
"ENSMUSG00000069601",0.0391541161435962,0.120707050009457,-1.38498125799095,0.369112755307096,-1.99764073427017,0.542048426084835,-0.784438821166006,0.909332982226694,-0.612659476279219,0.671275983706959,0.600542436824945,0.605647146237932,1.21320191310416
"ENSMUSG00000009291",0.0212716887818497,0.681111393077831,0.392353954861549,0.062647556052417,0.888306233671366,0.0552855948945692,0.913448991741818,0.567105188324573,0.495952278809818,0.524676530779014,0.521095036880269,0.999724625736222,0.0251427580704518
"ENSMUSG00000003346",0.0053420787639913,0.910041246205481,0.23665548331736,0.231842186689574,0.23006589070636,0.0072182573143531,0.917820591861022,0.999999999900292,-0.00658959261100049,0.449477168969356,0.681165108543662,0.0424684056248109,0.687754701154663
"ENSMUSG00000003348",0.00515146153910091,0.0791864427260529,-1.08272100824166,0.999998584644849,-0.0487345921015431,0.0357980403864133,-2.14791810804656,0.127956279778317,1.03398641614012,0.123466942441036,-1.0651970998049,0.0285633069797393,-2.09918351594501
"ENSMUSG00000035215",0.0174877765125827,0.687117156376524,0.304602452388046,0.297908818229426,-0.952386117890286,0.0963253734675296,0.67888738797083,0.204593821984021,-1.25698857027833,0.404297942652855,0.374284935582784,0.128890789218161,1.63127350586112
"ENSMUSG00000050490",0.160793780401423,0.996589819435766,0.264038293767427,0.640692394755969,1.3125173536985,0.994047918865894,0.303287667039791,0.165559785182705,1.04847905993107,0.999895350229295,0.039249373272364,0.226279900807185,-1.00922968665871
"ENSMUSG00000097383",0.0139588038964106,0.640744368615675,0.686033852202784,0.865390446106067,-0.5713491023406,0.0310292784041878,2.1040164055088,0.464936897789184,-1.25738295454338,0.470414743976713,1.41798255330602,0.19153195548691,2.6753655078494
"ENSMUSG00000020027",0.0298222531252556,0.10788434028286,1.14411755315184,0.476355590270339,-0.918015110210188,0.258243686533584,0.957407103185164,0.152818523890105,-2.06213266336203,0.997845216678685,-0.18671044996668,0.162497749775046,1.87542221339535
"ENSMUSG00000040033",0.0217088328661807,0.0950125171954928,0.92071280675994,0.360530792682584,-0.989807148754705,0.835550546184764,0.290986438457705,0.142203808228828,-1.91051995551464,0.245834868596833,-0.629726368302235,0.25823468872648,1.28079358721241
"ENSMUSG00000090247",0.000308373374957469,0.0108820360820205,0.987398830412225,0.529578812552733,-0.616280938508371,0.00241374512391634,1.83566876632174,0.120712437360091,-1.6036797689206,0.0598666087874199,0.848269935909511,0.0633224441087498,2.45194970483011
"ENSMUSG00000013974",0.132112704064254,0.962929411118403,-0.512606927909123,0.995234930174064,-0.273718126337509,0.171926581232476,-2.49448616856794,0.998544807871235,0.238888801571614,0.205633075922322,-1.98187924065882,0.19231671457073,-2.22076804223043
"ENSMUSG00000038542",0.0777363411982407,0.834994259477531,0.391056229101468,0.713818318152737,0.460048238292787,0.997792287643646,0.123448775301151,0.998857933792737,0.0689920091913196,0.526441271254181,-0.267607453800317,0.0668034092882397,-0.336599462991637
"ENSMUSG00000081094",0.0132134634729369,0.999989954009882,0.0481818298735052,0.26947314991349,-1.20381126279326,0.0492874234673091,0.713462810020027,0.249399565514758,-1.25199309266676,0.400213227014515,0.665280980146522,0.13272166475717,1.91727407281328
"ENSMUSG00000031533",0.034482659013241,0.999999999984787,0.00549992135818655,0.193319921421545,0.51772113979678,0.0768213913263163,0.771904304833912,0.601936421140411,0.512221218438593,0.361893923115795,0.766404383475726,0.266747673809549,0.254183165037133
"ENSMUSG00000031596",0.00465090433085898,0.901313302105567,-0.662690966932018,0.999968934764293,0.0906528879227971,0.305728459864699,1.74730341078501,0.79313708842402,0.753343854854815,0.284922935349163,2.40999437771703,0.00592449086280278,1.65665052286221
"ENSMUSG00000031594",0.000905541003910591,0.0591959282653938,1.77400153010252,0.530779368406652,0.669179364963397,0.0231020992332372,3.54827526762602,0.366463724614386,-1.10482216513913,0.0171185112611704,1.7742737375235,0.103558450493239,2.87909590266262
"ENSMUSG00000031592",0.00704737769695877,0.690415599795462,-0.573139660873067,0.166880933567302,-1.45309166765445,0.0135800542144495,-1.16158920853786,0.428240351922071,-0.879952006781381,0.428897192888684,-0.588449547664789,0.946470393859772,0.291502459116592
"ENSMUSG00000031626",0.187635053884895,0.765786870543949,-0.883419343977141,0.822954143746179,-0.315863919182231,0.244654467611542,-1.26292322341378,0.917764994676982,0.56755542479491,0.982770454157135,-0.379503879436638,0.395029122567542,-0.947059304231548
"ENSMUSG00000084954",0.175927935363831,0.506476646179058,-4.11428164420803,0.999999570459002,0.201336371413356,0.373972620228536,-4.90303094939218,0.499083643794981,4.31561801562139,0.961820187732366,-0.788749305184145,0.370224933352403,-5.10436732080553
"ENSMUSG00000003573",0.0202612476826693,0.139122737716414,-1.02751594862438,0.999788977443842,-0.0635584906008679,0.0966657236285209,-1.85920789647481,0.1788394673273,0.963957458023511,0.380452754860929,-0.831691947850432,0.104610902139744,-1.79564940587394
"ENSMUSG00000109787",0.0948119835696525,0.612567447535132,1.86467782245874,0.415901788002717,-1.73779501047009,0.995045297676622,0.399794782027794,0.214623658569616,-3.60247283292883,0.470584097188068,-1.46488304043095,0.323801258675109,2.13758979249788
"ENSMUSG00000052926",0.599510740271054,0.999052913047779,-0.0589297560949149,0.731542858962513,-0.4415969365867,0.996023632334151,0.0866722477008259,0.821650022484324,-0.382667180491785,0.966276316646508,0.145602003795741,0.644490376051524,0.528269184287526
"ENSMUSG00000036550",0.00496159552271667,0.489943030317856,-0.452439553114297,0.955681704459204,0.0797392572991143,0.015326775104272,-0.713475879752572,0.37814388586856,0.532178810413412,0.805361159668051,-0.261036326638275,0.0120946156841314,-0.793215137051686
"ENSMUSG00000063696",0.06968100909165,0.395740288957384,-0.721921409974874,0.997665532735423,-0.0851479596164135,0.70183884636848,0.269876968467366,0.4504245834673,0.63677345035846,0.225668620798989,0.99179837844224,0.209572943539886,0.355024928083779
"ENSMUSG00000036672",0.00987824243308277,0.189158150309835,-2.00627935924535,0.464243823452599,-0.794218537120667,0.0455111860035337,-2.10536314036587,0.38161908305575,1.21206082212469,0.999946674297086,-0.0990837811205188,0.0966780337781681,-1.3111446032452
"ENSMUSG00000012519",0.0320746492225257,0.253028495622644,-1.63964913185093,0.99980195356499,0.0866766440022327,0.107732113722689,-2.32933447642805,0.248317498035475,1.72632577585317,0.714186445773861,-0.689685344577119,0.106395094213422,-2.41601112043028
"ENSMUSG00000110656",0.22991776907558,0.470086048861879,-0.677809989668584,0.852019903971833,-0.338373778142181,0.614285704445693,-0.984177002966093,0.944477212546042,0.339436211526403,0.99263604329686,-0.306367013297509,0.858893617621201,-0.645803224823912
"ENSMUSG00000014444",0.0147910470267662,0.12376659022149,-2.01490570035443,0.997408359720149,-0.240011815404548,0.0643167250253767,-3.06497251304457,0.142751806052268,1.77489388494988,0.318146582396217,-1.05006681269014,0.0759927910319507,-2.82496069764002
"ENSMUSG00000069862",0.0742785101706936,0.769819159487942,0.71308743018885,0.672125718217948,-0.888457784409822,0.249894595313058,1.35860594099051,0.346681025913049,-1.60154521459867,0.885014597245695,0.645518510801665,0.228931253891066,2.24706372540034
"ENSMUSG00000051671",0.00126869997941103,0.0285205877398825,1.53390415366639,0.999999356395964,-0.0511661324733687,0.0144385150739619,2.8531857852835,0.384045487155411,-1.58507028613976,0.05059378815734,1.31928163161711,0.210339923403628,2.90435191775687
"ENSMUSG00000097148",0.0116995797852401,0.181392594892792,1.85054248164609,0.619727552461586,-0.951983648884591,0.0842970441087465,4.01828380039977,0.178245196445793,-2.80252613053068,0.340307350697184,2.16774131875368,0.122551158314218,4.97026744928436
"ENSMUSG00000015968",0.00365771278039144,0.019686920492787,1.29255097678119,0.145429482769175,-1.21668408301174,0.113034081454682,0.855143387697802,0.0540097680461579,-2.50923505979293,0.826009526017589,-0.43740758908339,0.053223478436041,2.07182747070954
"ENSMUSG00000006527",0.519444444393679,0.77515423640421,0.109663475581418,0.999889322145826,0.033116119851154,0.83592439869751,-0.223971297018885,0.995769429746207,-0.0765473557302637,0.624092237092075,-0.333634772600302,0.845075375145409,-0.257087416870039
"ENSMUSG00000006522",0.00200139193575809,0.0465877704582824,1.42170748184569,0.937088418370165,0.380124561047841,0.0103501291785828,2.91293246404716,0.537907005815679,-1.04158292079785,0.0569571506254161,1.49122498220147,0.205578337219698,2.53280790299932
"ENSMUSG00000021906",0.0426746342318834,0.852999544872692,0.353015407648575,0.195362018675784,0.944430960352824,0.156117044244894,1.07808479162638,0.27680392057308,0.591415552704249,0.18745442838677,0.725069383977807,0.882709655538716,0.133653831273558
"ENSMUSG00000043418",0.034128289787756,0.400828876872746,1.64773784185345,0.148588789881867,-1.80572114108009,0.727478881530991,1.15588447189953,0.0609707087666069,-3.45345898293354,0.999395218926305,-0.491853369953915,0.0795082169191726,2.96160561297962
"ENSMUSG00000037798",0.000525178107204141,0.148378750152261,1.52132825406933,0.291455674133309,1.03254157527754,0.0475326727905845,4.94626859738041,0.612860537513201,-0.488786678791795,0.0274247383266742,3.42494034331108,0.00598720167563815,3.91372702210287
"ENSMUSG00000021967",0.00432421994145518,0.182033262432608,0.545933454942701,0.732760175455041,-0.501431630515876,0.0116763095345723,1.19083900060365,0.274986277093591,-1.04736508545858,0.178330611256392,0.64490554566095,0.137972501807176,1.69227063111953
"ENSMUSG00000036461",0.0248820138526197,0.500754198907301,-0.500309401624283,0.166351919129381,0.219200935767591,0.1834084279204,-1.02053292382922,0.291419694515322,0.719510337391874,0.652926339639413,-0.520223522204938,0.130312036840398,-1.23973385959681
"ENSMUSG00000031922",0.0138172017365019,0.432298234292074,0.458451374227359,0.56050244908919,-0.471807984152543,0.0185813859308807,0.520047278089778,0.206393951881324,-0.930259358379903,0.999942570870747,0.0615959038624185,0.166359134965079,0.991855262242321
"ENSMUSG00000032175",0.173171601648929,0.423863142599163,-0.553096729520971,0.979716555412508,0.0565406623111542,0.450590717642689,-0.46510764595258,0.381523944841856,0.609637391832125,0.999808435260785,0.0879890835683909,0.379172907007033,-0.521648308263734
"ENSMUSG00000032182",0.014334651456339,0.999826223484932,0.0942991134712653,0.0745888978103354,1.39220746456782,0.212419642364759,0.894903490365972,0.0879731005400429,1.29790835109655,0.270055285995211,0.800604376894706,0.374275029656074,-0.497303974201847
"ENSMUSG00000096981",0.0583660563840212,0.242237476993923,-0.458787146069123,0.109958552628866,-1.31484915551472,0.999999872218246,0.0364897675606859,0.25929601186538,-0.856062009445597,0.688399186439726,0.495276913629809,0.117211088690712,1.35133892307541
"ENSMUSG00000049313",0.019452735191379,0.073190690975748,-0.938731400777144,0.373665032567708,-1.69795137421458,0.125661349158049,-2.20423997573612,0.767868130726239,-0.759219973437438,0.271328728199268,-1.26550857495898,0.923636632661005,-0.506288601521538
"ENSMUSG00000032115",0.193358003446744,0.446267338416982,1.32910938608851,0.313740591421355,1.8245562539319,0.468301560354772,1.25230406928922,0.718202563611241,0.495446867843384,0.999967983605616,-0.0768053167992907,0.698697378819356,-0.572252184642675
"ENSMUSG00000110755",0.00089463097575154,0.0415504504118407,3.06119677195449,0.260944226422502,0.957730710315111,0.0276546550573189,5.96507520427806,0.049682995795251,-2.10346606163938,0.0480137014981549,2.90387843232357,0.0294620979089526,5.00734449396295
"ENSMUSG00000002032",0.0174733135965075,0.412047836275388,1.83186249536968,0.966789282003783,-0.40957111359752,0.308200725343376,2.62758823555075,0.0776307837357599,-2.2414336089672,0.743689821813927,0.795725740181062,0.0394725853605439,3.03715934914827
"ENSMUSG00000070305",0.00033530856783596,0.98436345639171,-0.237343184437621,0.0936952605171347,1.52618163053415,0.972821672131235,0.198492839865257,0.0847481723894927,1.76352481497177,0.706400452620459,0.435836024302878,0.00107319051464394,-1.32768879066889
"ENSMUSG00000032079",0.000691027532507569,0.0175214200218976,1.48117248829661,0.915660247209794,-0.309002052233363,0.00119413201529517,2.75772251677951,0.078238857971764,-1.79017454052997,0.552238174872379,1.2765500284829,0.0343446363124015,3.06672456901287
"ENSMUSG00000032067",0.0303956406522326,0.697154940070045,0.601888801841507,0.650317520852732,-0.925307651932029,0.119112918105385,1.41639351523887,0.379664345485831,-1.52719645377354,0.573860180526404,0.814504713397364,0.237433044681676,2.3417011671709
"ENSMUSG00000039016",0.0132144246197689,0.423493039295091,0.627717122360846,0.827692783409938,-0.594304671899045,0.0490599485592351,1.26824161689601,0.440390360723712,-1.22202179425989,0.584643676593105,0.640524494535167,0.256757677705307,1.86254628879506
"ENSMUSG00000074305",0.00484299182987641,0.111156703191117,-2.11307766838682,0.999990699379415,-0.0428166955759535,0.0273472324595355,-3.13297679440769,0.119232403398454,2.07026097281086,0.18624880779972,-1.01989912602088,0.0283573951494923,-3.09016009883174
"ENSMUSG00000039585",0.0201877015133429,0.193864991675984,-0.785828047290263,0.0800374802462214,-1.5883005695273,0.132429467770297,-2.69810549157112,0.306339483151023,-0.802472522237035,0.19112830619502,-1.91227744428085,0.403934208504207,-1.10980492204382
"ENSMUSG00000032249",0.165942876877614,0.626025924095296,0.333332089896659,0.990306823005916,-0.201024676567716,0.349719120263023,0.44445329390812,0.652847168232497,-0.534356766464375,0.922356280988408,0.111121204011461,0.51185128828771,0.645477970475836
"ENSMUSG00000058444",0.0317341286258473,0.990692816626657,0.174859351838683,0.999746097458593,0.0337788229716935,0.0334684002953842,0.794855947886483,0.996846798089869,-0.14108052886699,0.670391463353131,0.6199965960478,0.043607533736848,0.76107712491479
"ENSMUSG00000054693",0.0557538164200458,0.458685194531895,-0.687141433285538,0.999994318153834,-0.0234757507378858,0.116837445083412,-1.50070371375738,0.498913365016245,0.663665682547653,0.389502277088043,-0.813562280471844,0.125501524601332,-1.4772279630195
"ENSMUSG00000032232",0.127626434617312,0.835918509314716,-0.336710874266489,0.762765851062718,0.297984007666409,0.317108067039435,-1.15805631748273,0.471298137740352,0.634694881932898,0.536072438230686,-0.821345443216244,0.23561468600726,-1.45604032514914
"ENSMUSG00000037674",0.0250478020156592,0.239490891985424,-0.196689319790021,0.120303608909138,-0.505250253934464,0.181159683771907,-0.815939081035558,0.391986263785688,-0.308560934144443,0.305781629794697,-0.619249761245537,0.803510111351303,-0.310688827101094
"ENSMUSG00000033590",0.0292233200121621,0.277748875156527,-2.8163360520836,0.99999905589375,-0.119881138725777,0.0762422845525327,-2.45011722881154,0.270774401408295,2.69645491335783,0.988991725248303,0.366218823272068,0.0835065677211222,-2.33023609008576
"ENSMUSG00000032350",0.00815983052598412,0.150079247788388,-2.29704156306948,0.271865574775534,0.633905496264255,0.0945441213349327,-2.58584218257386,0.117361380946392,2.93094705933373,0.98976345025829,-0.288800619504377,0.0765883715841543,-3.21974767883811
"ENSMUSG00000001366",0.255009192765762,0.528378476488941,0.766862720127704,0.522551532497118,0.762928432291197,0.25853803345311,1.32924742444464,0.999999999933594,-0.00393428783650653,0.635553043292561,0.562384704316935,0.54389465500201,0.566318992153441
"ENSMUSG00000074179",0.00761496659498588,0.0660003381942398,-4.22633583474554,0.992300225060925,0.869489460108546,0.0876960841199973,-4.2602012569262,0.0584256402684452,5.09582529485409,0.999999953292061,-0.0338654221806599,0.0787985416638055,-5.12969071703475
"ENSMUSG00000032344",0.103513169887751,0.901498359857359,-0.456602288161845,0.30337581082189,-1.061611137561,0.199362116925357,-2.15258776257275,0.541488650875493,-0.605008849399153,0.282879530345292,-1.6959854744109,0.485666550815358,-1.09097662501175
"ENSMUSG00000032420",0.0256528358544762,0.469201217839118,-1.28576849352997,0.231689023345444,1.57233758282643,0.875424661010268,-0.589439823701512,0.195252124372517,2.8581060763564,0.847502708096987,0.696328669828458,0.202845675769075,-2.16177740652794
"ENSMUSG00000110827",0.21009685084591,0.374313969250383,2.24687803519118,0.480136857867791,1.78018140564812,0.290899670367881,2.92762564068168,0.997536412876387,-0.466696629543065,0.928280242699546,0.680747605490505,0.894478881944738,1.14744423503357
"ENSMUSG00000032575",0.144592119456806,0.194586275488759,2.18893830935024,0.246849416013506,1.69431048293793,0.21895728374308,1.95862283645493,0.883966985166077,-0.494627826412318,0.99041672097829,-0.230315472895319,0.986956487093564,0.264312353516999
"ENSMUSG00000010057",0.0464492582959211,0.361918881130119,0.282813774919375,0.710738337340286,-0.384372490933205,0.0827432176554556,0.790457868167177,0.341164387951447,-0.66718626585258,0.375802356540882,0.507644093247802,0.112958044571649,1.17483035910038
"ENSMUSG00000032491",0.0214099206765698,0.0691711913777755,-1.54976087471517,0.411271726545391,-1.10766903859794,0.235421507222587,-2.49154033803785,0.881862357484536,0.442091836117231,0.649337969355127,-0.941779463322677,0.448834158180091,-1.38387129943991
"ENSMUSG00000061536",0.00238042663361874,0.928985383647103,0.262875626152117,0.059946024730347,0.328023720147368,0.0021925934003233,1.12233012210057,0.999965161769196,0.0651480939952514,0.435813424564063,0.859454495948454,0.0283511219252464,0.794306401953203
"ENSMUSG00000111605",0.0179372180876949,0.177657064579355,-3.310100649392,0.118988760985615,-2.21905977707601,0.275506284273418,-3.61602312221427,0.563925667294612,1.091040872316,0.998002554168245,-0.30592247282227,0.585644648699347,-1.39696334513827
"ENSMUSG00000053838",0.535169975863327,0.993984685638115,0.0846140867109526,0.750011660586031,-0.408238909552655,0.954073830074556,0.102851392640124,0.658530451437041,-0.492852996263608,0.999999288497718,0.0182373059291718,0.615175178477373,0.51109030219278
"ENSMUSG00000078974",0.00142039103555197,0.13495802223278,0.62110534671166,0.948300664160255,-0.359150839717324,0.0130992094884734,1.54732253016851,0.485244004270132,-0.980256186428984,0.0756113111086367,0.926217183456848,0.198642380522013,1.90647336988583
"ENSMUSG00000020122",0.00232910535146848,0.105986909484265,1.48842020406271,0.967297733162179,-0.26866155283858,0.0568705159319274,2.45360664002107,0.0429457840402666,-1.75708175690129,0.138798093848425,0.965186435958361,0.0294623253356658,2.72226819285966
"ENSMUSG00000086468",0.242089044693537,0.997800673623288,-0.222599944700586,0.299169625507474,-1.56949536194578,0.999244527263571,0.207734096222786,0.369288413454456,-1.3468954172452,0.958340118723304,0.430334040923372,0.253613822130601,1.77722945816857
"ENSMUSG00000098650",0.0545440019900359,0.999990928950128,0.149181031607826,0.244711111108037,-1.97892955054629,0.467788999331092,1.92919800416994,0.234184078154344,-2.12811058215411,0.681268205461826,1.78001697256212,0.134291917185137,3.90812755471623
"ENSMUSG00000032673",0.0197655479191815,0.107097855430618,0.784128187826817,0.946739318141318,-0.320804197294621,0.0504472174522853,0.993065476917839,0.289190335133213,-1.10493238512144,0.898562076498976,0.208937289091022,0.229868814634568,1.31386967421246
"ENSMUSG00000020305",0.365456314236695,0.997032893890992,0.179282245744414,0.4021875871681,0.497240768745949,0.533834762906988,0.435841590179993,0.946420898498704,0.317958523001534,0.980367537009596,0.256559344435578,0.998304563317815,-0.0613991785659562
"ENSMUSG00000020309",0.0443362125477263,0.517973012860635,0.769130791641862,0.67894464663865,-0.806817884873965,0.171066441917457,1.49295284814914,0.304402812996486,-1.57594867651583,0.563705594528491,0.723822056507279,0.192157454459928,2.29977073302311
"ENSMUSG00000040594",0.0546404802358901,0.697974587151685,-1.42460594667234,0.931167490156549,0.561464096990268,0.232389155123501,-1.1178909261135,0.551502452044144,1.98607004366261,0.997937364971284,0.306715020558841,0.0683759160682691,-1.67935502310377
"ENSMUSG00000069899",0.00566522886288317,0.0535667266643216,0.742625895521904,0.999993483210312,-0.0538083162094746,0.0081855527600454,0.976999591546997,0.516998153433223,-0.796434211731378,0.912311401915218,0.234373696025093,0.350445771968619,1.03080790775647
"ENSMUSG00000020387",0.0420757648498867,0.217211720649087,-0.607730762995782,0.61219914356917,0.325661268656341,0.235869902449912,-1.15582085792662,0.0867884036461894,0.933392031652124,0.69483816121762,-0.548090094930838,0.142949595673391,-1.48148212658296
"ENSMUSG00000081223",0.0118214352190281,0.164075156059231,2.5077976492219,0.853774215054202,0.589589686869706,0.114369177923601,3.7769670348992,0.138422474310163,-1.91820796235219,0.46132716093098,1.2691693856773,0.0880260727438948,3.18737734802949
"ENSMUSG00000049323",0.0046874945190928,0.150696668502002,-0.651494264181752,0.098953399072464,0.457371388193831,0.121898530057151,-1.0178326659455,0.0403944894505914,1.10886565237558,0.749193782933536,-0.366338401763752,0.0602872803374163,-1.47520405413934
"ENSMUSG00000042331",7.60705117914698e-05,0.00956965643992058,-1.91464793434514,0.99846177152177,0.122012508130235,0.00332708781539859,-2.88265480024176,0.00323029692588517,2.03666044247537,0.0194128752942829,-0.968006865896622,0.00128019640185206,-3.004667308372
"ENSMUSG00000041329",0.0964386756155404,0.999970442311215,-0.17626897838275,0.357152916265184,-1.83087246815754,0.665011946625392,1.39050467246189,0.414613269507605,-1.65460348977479,0.628438748528837,1.56677365084464,0.205494188071051,3.22137714061944
"ENSMUSG00000040904",0.0802107302528443,0.473975073430956,-1.17621186458062,0.530991116876942,0.571367545439003,0.678546934448546,-0.511674523641298,0.300793082251142,1.74757941001963,0.807416437161655,0.664537340939326,0.197902206122536,-1.0830420690803
"ENSMUSG00000018451",0.282361498225215,0.983061451262753,0.568034943099179,0.394243796864986,-2.11367625952036,0.999999916495571,-0.0618625717693272,0.321172989555047,-2.68171120261954,0.976494445406487,-0.629897514868506,0.387703875528065,2.05181368775104
"ENSMUSG00000081485",0.00465794777726665,0.182301586572632,0.866956848022178,0.260596019837747,-1.07277987045282,0.0095113590017748,1.37527755140622,0.0865953151693385,-1.939736718475,0.888854513315166,0.508320703384045,0.0741019224846259,2.44805742185904
"ENSMUSG00000002058",0.803604476224826,0.999993315609784,-0.0293910171877561,0.987474242070144,-0.217532596369619,0.980350798621989,0.08410102963768,0.994948377068674,-0.188141579181863,0.983175213779506,0.113492046825436,0.945659383708815,0.301633626007299
"ENSMUSG00000087107",0.171797705876921,0.99994875096707,-0.106311371061857,0.860258544343304,-0.739911210027008,0.233579471812287,-2.40040048207597,0.86450537295332,-0.633599838965151,0.235578748001526,-2.29408911101411,0.344579310538782,-1.66048927204896
"ENSMUSG00000093483",0.0574801102186876,0.303544708727862,1.06555887714334,0.610626739825345,-0.895006275941925,0.692969582462483,0.589874118905625,0.218877769610221,-1.96056515308526,0.541617798194534,-0.475684758237713,0.318150835154332,1.48488039484755
"ENSMUSG00000018930",0.047812272514731,0.817537110916214,-1.37231039494877,0.647800091275668,-2.93347670908391,0.0965755839743594,-4.96490769283073,0.846468963424471,-1.56116631413514,0.117201682581273,-3.59259729788196,0.214113070061606,-2.03143098374682
"ENSMUSG00000051452",0.0124054973785437,0.371265540427563,1.68313565234509,0.361802954856277,1.55413209889796,0.141944386231944,5.18238629161185,0.999978611521832,-0.129003553447133,0.373841372510724,3.49925063926676,0.0740822423892742,3.62825419271389
"ENSMUSG00000034297",0.010812252907187,0.178290692929593,-1.41706832926461,0.355584922877745,-0.338901254369356,0.0661561112003011,-1.84241992474719,0.277870533582358,1.07816707489525,0.855260838395496,-0.425351595482586,0.094413205109056,-1.50351867037784
"ENSMUSG00000072582",0.000375967923747975,0.00148940765990835,0.874575690254772,0.999999999761477,-0.00598903452321714,0.000647165928037818,1.06611966468245,0.143305926917605,-0.880564724777989,0.778246694909797,0.191543974427682,0.0818015179012017,1.07210869920567
"ENSMUSG00000059474",0.112435009583875,0.980269151609962,-0.115571933472827,0.148700097574674,-1.28257534387725,0.996815606694003,-0.0840764522221819,0.185256096275859,-1.16700341040442,0.999996387531482,0.031495481250645,0.1498681923389,1.19849889165507
"ENSMUSG00000049807",0.0283831151771507,0.186958743495726,-0.630532844080128,0.996785237948712,0.139385741904466,0.124579152802217,-1.58036073170833,0.171044763317964,0.769918585984594,0.279623245468908,-0.9498278876282,0.0919621613038384,-1.71974647361279
"ENSMUSG00000038366",0.00603167565723733,0.327723550276812,-0.488914419112901,0.185663920577914,0.657868054258319,0.0774108374651198,-1.33391363174018,0.0389435388866294,1.14678247337122,0.172285137026513,-0.844999212627279,0.0259659961917889,-1.9917816859985
"ENSMUSG00000075576",0.148442598497598,0.994939806851682,0.146656576558608,0.751198467209432,-0.59166248593772,0.353878406175315,-0.412566318420815,0.62981967014046,-0.738319062496328,0.212415873659811,-0.559222894979424,0.996731362397778,0.179096167516904
"ENSMUSG00000019302",0.0449696510969962,0.930188216691448,0.261068784071049,0.722529713316779,0.481519298270375,0.999999955163431,0.0174393998067008,0.849596816064948,0.220450514199326,0.0902549621129913,-0.243629384264348,0.229463771119048,-0.464079898463675
"ENSMUSG00000087113",0.0513618821515653,0.352640764964254,-2.98454103747871,0.289662231864037,0.813799931991226,0.373678391571493,-2.44496747400995,0.310705387593724,3.79834096946994,0.982293031730307,0.539573563468764,0.308741485326937,-3.25876740600118
"ENSMUSG00000085651",0.0511977028271384,0.999998967525369,-0.0827099084546584,0.255241650517834,3.59819478942631,0.43646512259114,1.83196609867285,0.213952631979998,3.68090469788097,0.364931317415048,1.91467600712751,0.569472720985105,-1.76622869075346
"ENSMUSG00000025576",0.339712893513799,0.993635423818287,0.22800557977521,0.451891326742288,-1.27335516748694,0.994001301301905,0.249987132374329,0.384239278900188,-1.50136074726215,0.999999995397949,0.0219815525991193,0.365708656529578,1.52334229986127
"ENSMUSG00000049957",0.00177896456753158,0.505211277590278,-0.591290452385684,0.0622244903345431,0.493554363785079,0.074982776014681,-0.480595014408559,0.198488251946968,1.08484481617076,0.998803767042994,0.110695437977125,0.00464516206149457,-0.974149378193638
"ENSMUSG00000113543",0.0366322431605799,0.436048356374173,2.18565565010954,0.279655429571351,-1.49568839899793,0.445121929061307,2.17957426467411,0.0974316094647718,-3.68134404910746,0.999999999999997,-0.00608138543542309,0.0984719687800181,3.67526266367204
"ENSMUSG00000015672",0.0107848037851552,0.773456477974541,0.296613536363027,0.639633262663136,-0.544694688695909,0.0215506656810862,0.701104561371354,0.398812209058057,-0.841308225058936,0.660326382756594,0.404491025008327,0.194659723810007,1.24579925006726
"ENSMUSG00000069270",0.0114376126953803,0.23451790548631,-2.79257841157864,0.187495682163703,-0.954910619370102,0.053990553320589,-3.317886307222,0.339471333391739,1.83766779220854,0.888986389153264,-0.525307895643359,0.0746024984482206,-2.3629756878519
"ENSMUSG00000113061",0.0346657545162293,0.999999999101367,-0.0130985831854662,0.201793946416112,-1.39960652253693,0.38640498823688,0.683183416488601,0.205782694654365,-1.38650793935147,0.379429792332057,0.696281999674067,0.118993084809593,2.08278993902553
"ENSMUSG00000113836",0.0682070178721625,0.725815952339559,-1.12719477192131,0.445691584283935,1.08985899671743,0.331500893199274,-0.88838599663611,0.436702361009406,2.21705376863873,0.999136616001778,0.238808775285198,0.0773243539064563,-1.97824499335353
"ENSMUSG00000114133",0.0271403484326892,0.998918503880501,-0.216629090247475,0.0284881304563108,1.06250265594297,0.0566541127429805,0.832720508472925,0.633901905598169,1.27913174619045,0.724591632557899,1.0493495987204,0.98263514540769,-0.229782147470046
"ENSMUSG00000021665",0.016714972630976,0.176892854228963,-0.772167732945728,0.998852260727071,0.117084174576631,0.103480296673572,-1.56977813730588,0.0857658830531147,0.889251907522358,0.368359501059662,-0.797610404360154,0.103849205238134,-1.68686231188251
"ENSMUSG00000041685",0.312872498731372,0.83224498589605,0.241744540721131,0.790292068386075,-0.441995207222726,0.596749844721369,0.191964012072963,0.567862852687948,-0.683739747943858,0.999927069691908,-0.0497805286481681,0.572949808464411,0.63395921929569
"ENSMUSG00000021696",0.00164896029190981,0.294675646706877,-4.14899447170954,0.663759636276989,-1.37305499199233,0.00875417232894948,-4.48762640141491,0.371520819985356,2.77593947971721,0.984578732072787,-0.338631929705366,0.00726863628150831,-3.11457140942258
"ENSMUSG00000114255",0.0304058227339799,0.602420075468952,0.446322516753964,0.509737273296567,-0.786286379404596,0.177658635213942,0.888947022605742,0.253677126026338,-1.23260889615856,0.289641124319206,0.442624505851778,0.158699206078845,1.67523340201034
"ENSMUSG00000025450",0.0855828620384624,0.331842860754713,1.14167114189817,0.636089343187604,-1.168990320978,0.226349806961054,1.41070588810248,0.33902995560302,-2.31066146287617,0.990135744058666,0.269034746204308,0.308737786023649,2.57969620908048
"ENSMUSG00000095609",0.0807986022006006,0.721412480945385,-2.00172564271439,0.925053633629763,-1.27519934018333,0.138936777401134,-4.40313871752533,0.985731521326951,0.726526302531059,0.21159335108287,-2.40141307481094,0.178096439289034,-3.127939377342
"ENSMUSG00000113294",0.000162358652756006,0.999999275390667,-0.0594887706607056,0.332879698009674,2.63975576033422,0.999392603231393,-0.172203293757787,0.0164180369674166,2.69924453099493,0.99678338653344,-0.112714523097082,0.00041077573798598,-2.81195905409201
"ENSMUSG00000004151",0.0498161269063084,0.997799578310988,-0.253133535766707,0.061686547281052,-2.29870923685914,0.954477552191481,-0.359528980542553,0.0766772108680791,-2.04557570109244,0.99992343306499,-0.106395444775846,0.0986990364742918,1.93918025631659
"ENSMUSG00000047446",0.400746293747346,0.483271450749644,-1.20821915032798,0.998069308342256,0.148806023072745,0.99683997901054,0.167595223798995,0.421852428320065,1.35702517340073,0.416932157359291,1.37581437412698,0.999999997521637,0.0187892007262499
"ENSMUSG00000056899",0.000667774908824342,0.0384681440751838,1.15166564186184,0.97509862956706,-0.279974601706265,0.00163271580771274,2.67316862626962,0.256759425589943,-1.43164024356811,0.256584266929597,1.52150298440778,0.104652577155314,2.95314322797588
"ENSMUSG00000062198",0.0270169490834901,0.299082734906378,0.379177019902866,0.370673817496078,-0.711531598711577,0.06888276832172,0.659767550511535,0.167268213467018,-1.09070861861444,0.799898591897473,0.28059053060867,0.108200278177832,1.37129914922311
"ENSMUSG00000021068",0.00911794953639807,0.155877112409185,-1.37155244483841,0.596177765966802,-0.809128524642978,0.0431156639872613,-2.70190578305331,0.791554869344212,0.562423920195432,0.13028761607706,-1.3303533382149,0.0640377754108009,-1.89277725841034
"ENSMUSG00000021079",0.00516618767187709,0.189056670877375,0.72262275418482,0.605909215581507,-0.69961992310927,0.0180501815324099,1.68635585359005,0.232015306749262,-1.42224267729409,0.101393212214251,0.963733099405234,0.11548056287064,2.38597577669932
"ENSMUSG00000043398",0.043239666594997,0.179896204647514,1.64842908518827,0.999977345072613,0.0968718326043769,0.159226317729,1.80120633495867,0.261937306116771,-1.5515572525839,0.997835516905477,0.152777249770399,0.232348731004126,1.7043345023543
"ENSMUSG00000021040",0.0262516476292956,0.648210255873129,0.21961764756793,0.679478203031572,-0.477286153753224,0.032831276392748,0.625300270418779,0.424650719944587,-0.696903801321154,0.28715311151945,0.405682622850849,0.217207500505897,1.102586424172
"ENSMUSG00000044715",0.0751279658701372,0.997011575712334,-0.194216167967762,0.153624717711451,0.650151310923918,0.548987011961158,0.371887820556242,0.560321682205231,0.84436747889168,0.792286072496192,0.566103988524003,0.496124447442726,-0.278263490367676
"ENSMUSG00000037594",0.167550049419539,0.850046456295422,-0.461186059406095,0.495576444987433,0.265760103220225,0.687158178929072,-0.45981870112056,0.610730718269198,0.726946162626319,1,0.00136735828553536,0.376863920988793,-0.725578804340784
"ENSMUSG00000022181",5.39797733928626e-05,0.37672908118573,1.46586290320056,0.861309418835847,-0.407359420753386,0.276598472106798,1.97674182614108,7.44664128428107e-05,-1.87322232395395,0.780328836404508,0.510878922940518,0.000112190420339719,2.38410124689447
"ENSMUSG00000115837",0.0807484710270475,0.987274969533417,0.602174648302611,0.191155689418874,-2.05089116838028,0.873456869250533,1.03027898189362,0.123698502388469,-2.65306581668289,0.997373122899291,0.428104333591006,0.122310305849293,3.0811701502739
"ENSMUSG00000045996",0.00548501552992648,0.662039411146512,0.270060074184732,0.548163528096827,-0.68535037674536,0.0184810712964962,0.719472879472276,0.343420229082584,-0.955410450930092,0.318574714816297,0.449412805287543,0.191919466048176,1.40482325621764
"ENSMUSG00000022339",0.000856770988659061,0.75100324655546,0.327514673615138,0.602540907353408,-0.565648516560753,0.00109438694914754,1.06595282892431,0.358928144872893,-0.893163190175891,0.366824449609456,0.73843815530917,0.124694334475992,1.63160134548506
"ENSMUSG00000022427",0.00592234006044275,0.0116694063792522,0.436585461240356,0.739184244394275,-0.366304921488754,0.0152192635482523,0.515917750375095,0.262204913500806,-0.80289038272911,0.988337542089511,0.0793322891347391,0.201919379750197,0.882222671863849
"ENSMUSG00000068114",0.0879751135216142,0.210092660719381,1.73625797681246,0.440830048649173,1.05105964255914,0.281832729562797,1.39160472443231,0.536109985202423,-0.685198334253322,0.508918610851809,-0.344653252380153,0.907148761408765,0.340545081873169
"ENSMUSG00000116130",0.00760629636295792,0.209408637218184,2.32503524559145,0.997932332470099,-0.210953414723021,0.152253949173069,3.60916045158736,0.0487110170619971,-2.53598866031447,0.774347212106361,1.28412520599592,0.0385427205176604,3.82011386631038
"ENSMUSG00000036197",0.0541178604520184,0.761511055983099,-0.179103876050754,0.799905882290142,0.2887905536036,0.138189656932857,-0.943974746800847,0.284068930689191,0.467894429654354,0.234325853240115,-0.764870870750093,0.0877630223788491,-1.23276530040445
"ENSMUSG00000116010",0.00238035361822712,0.189267742176614,-3.49786492811533,0.952485589775552,0.97933558446531,0.0185106506014755,-4.03854078949365,0.169363551186833,4.47720051258064,0.814942391144388,-0.540675861378319,0.0170757630353146,-5.01787637395896
"ENSMUSG00000093575",0.232571572218448,0.869833240619264,0.73291266306593,0.424465171543339,1.84733009844882,0.52707489668005,1.46803922846166,0.442283270696868,1.11441743538289,0.708669291106227,0.735126565395733,0.992808851196431,-0.379290869987152
"ENSMUSG00000009569",0.0719030948703847,0.317678406649332,-0.501771818926571,0.236604598442733,-0.445115741844925,0.236647850966916,-1.1330403750398,0.999853028835948,0.0566560770816461,0.565013344753895,-0.63126855611323,0.480729071716117,-0.687924633194876
"ENSMUSG00000022771",0.0776910980360303,0.247153180878236,-0.109354916557988,0.854428025016953,0.128039251443685,0.370166945762497,0.313641735900582,0.415637544591563,0.237394168001673,0.156582571332892,0.42299665245857,0.920531545995945,0.185602484456898
"ENSMUSG00000022856",0.109564335242941,0.999801241155015,0.139031940081988,0.0959957391786522,1.10355835027514,0.19595037594641,0.679878082490833,0.728077312321017,0.964526410193152,0.919236756765629,0.540846142408845,0.81721105703084,-0.423680267784307
"ENSMUSG00000033581",0.0168476629671308,0.999906203567136,-0.107859648587634,0.477309973977477,1.00698285391111,0.171907722366329,-1.33480030047587,0.141466851461699,1.11484250249875,0.189649877715116,-1.22694065188824,0.0749007659744324,-2.34178315438699
"ENSMUSG00000035506",0.0960002539317586,0.99991598367606,0.103494529127157,0.999998330521085,0.061752293918063,0.13184503468253,-1.76769059189045,0.99999879223405,-0.0417422352090939,0.128394045192151,-1.8711851210176,0.113896441147717,-1.82944288580851
"ENSMUSG00000022849",0.0166967428598035,0.189807775203567,-2.02967378977363,0.999997951950297,-0.0374279121156068,0.0764187419737867,-2.0123453625914,0.196704823206046,1.99224587765803,0.999999998845238,0.0173284271822332,0.0810433761061604,-1.97491745047579
"ENSMUSG00000034064",0.0116070146439968,0.713148778918928,0.450024586926936,0.264941640243974,0.889544707832874,0.99474425277074,0.144643014716842,0.348330939454939,0.439520120905937,0.558380789807763,-0.305381572210094,0.0146374013251814,-0.744901693116032
"ENSMUSG00000022639",0.183016440931031,0.992620913862949,-0.134645674561591,0.903558871516816,-0.549867460728751,0.239272297740628,-1.83059141774354,0.961408343379345,-0.41522178616716,0.261549568230886,-1.69594574318195,0.409127385082955,-1.28072395701479
"ENSMUSG00000116993",0.0267662534077867,0.469081647074831,1.36778513309115,0.382692864927931,-1.45424771270126,0.140443248993129,2.96558652118246,0.171133930275634,-2.82203284579241,0.823690415558779,1.59780138809131,0.138268732547386,4.41983423388372
"ENSMUSG00000052299",0.196983289181066,0.999879140931113,0.0532350571527218,0.686479889282458,-0.422525359497537,0.301319043942353,-0.210156256597632,0.677549797134787,-0.475760416650259,0.652687831140186,-0.263391313750354,0.953050781147622,0.212369102899906
"ENSMUSG00000022973",0.0149929917871187,0.205614343811602,-0.305865634001661,0.271284878353872,-0.444201909829905,0.0681558368507229,-1.03778918936774,0.964156065404647,-0.138336275828244,0.130165089703845,-0.73192355536608,0.25037571263291,-0.593587279537837
"ENSMUSG00000097768",0.101792390207042,0.909846471427264,0.693686481103258,0.782383344931029,-1.03749946867739,0.452782256528378,1.90009847153203,0.490676789099145,-1.73118594978065,0.424035708515758,1.20641199042877,0.319269239569089,2.93759794020942
"ENSMUSG00000022940",0.00026560627816206,0.0971483897291547,0.732418707825992,0.199668648561848,-0.725112414652938,0.00414732306909793,1.98888469064628,0.0388026385400082,-1.45753112247893,0.0835753749950108,1.25646598282029,0.0169223874124169,2.71399710529922
"ENSMUSG00000036552",0.112322976228905,0.921544432358793,0.180192801626943,0.239667492159596,-0.754634141155862,0.906821528285649,0.177930421142367,0.144940149971316,-0.934826942782806,0.99999999999834,-0.002262380484576,0.140935968562926,0.93256456229823
"ENSMUSG00000059142",0.0232222023981759,0.662304449709728,-0.514962764825871,0.80086109662317,-0.454298277654535,0.137950994376141,0.735542822877462,0.999995375462968,0.0606644871713352,0.165619470395131,1.25050558770333,0.231562456844873,1.189841100532
"ENSMUSG00000023905",1.07752566201148e-05,0.148498782819952,-1.90804612363908,0.397275006364118,1.37062860244118,0.000289855167034281,-2.04307725512242,0.0861570630600595,3.27867472608026,0.998302378387822,-0.135031131483346,0.000235421929370982,-3.4137058575636
"ENSMUSG00000072082",0.0477316339645327,0.124339229294955,1.47023886385335,0.135278030241879,1.31762648480858,0.0925958245645587,1.78550505986682,0.999648451904416,-0.15261237904477,0.988995984921859,0.31526619601347,0.549983910212475,0.46787857505824
"ENSMUSG00000041881",0.000501177326922834,0.147096913204506,0.738657833818493,0.758053809749852,-0.495151857261094,0.00122501994011681,1.75961620563672,0.257976503260966,-1.23380969107959,0.279124061961785,1.02095837181823,0.104140850664685,2.25476806289782
"ENSMUSG00000008668",0.0178133743366025,0.972400539395304,0.18321091565382,0.449971963605793,-0.720506010661526,0.0828097882569478,0.696206656176514,0.330398954809799,-0.903716926315346,0.404153674621929,0.512995740522693,0.148711846395626,1.41671266683804
"ENSMUSG00000038838",0.17974745448422,0.297676927417698,-0.93627131882562,0.858799300477176,0.153579155634631,0.969631633190492,-0.218981325863494,0.241121597576077,1.08985047446025,0.525537961072786,0.717289992962126,0.844239580795728,-0.372560481498124
"ENSMUSG00000073405",0.00565870539052788,0.145621401352175,-4.09814420291067,0.99782709899057,-0.342142554055091,0.0261610655683128,-3.84735204971068,0.155366933949374,3.75600164885558,0.995922840913329,0.250792153199993,0.0309538796944331,-3.50520949565559
"ENSMUSG00000023966",0.134816668307427,0.997026794378152,-0.216667133349876,0.251349411899243,-1.47219147177567,0.95953464805512,0.328748894165432,0.330390609594167,-1.2555243384258,0.77451561647254,0.545416027515307,0.197288085053458,1.80094036594111
"ENSMUSG00000040327",0.022817189301893,0.205188911563224,-1.53255629681572,0.0412058672202356,-0.756681359892993,0.116834276182868,-1.04988807726178,0.500361221196328,0.775874936922726,0.836521335146539,0.482668219553941,0.806769345578025,-0.293206717368785
"ENSMUSG00000001228",0.0610952862835848,0.80617220585094,-2.1106929791963,0.427796552060328,-2.35978963386936,0.144532970976981,-4.17844233761623,0.999934264012833,-0.249096654673055,0.284324239910315,-2.06774935841993,0.310393465250879,-1.81865270374687
"ENSMUSG00000024212",0.0607926243095859,0.365574417642752,-1.06749304529748,0.825946000214403,0.373732239747388,0.208388012989537,-0.504472087432886,0.238991121036804,1.44122528504487,0.74475409105089,0.563020957864594,0.118336831684876,-0.878204327180274
"ENSMUSG00000048915",0.125856475638611,0.525607061356735,0.536437710763253,0.290673561747462,-0.925378564237905,0.999987953283506,0.025024402479737,0.118936060416476,-1.46181627500116,0.554122934434157,-0.511413308283516,0.27355269699777,0.950402966717642
"ENSMUSG00000117105",0.00401842435891499,0.123763741127194,1.40876642375462,0.999648237523221,-0.144347241622612,0.0395194724692915,3.5486420814558,0.242657742218384,-1.55311366537723,0.140588238309764,2.13987565770119,0.0968822153665759,3.69298932307842
"ENSMUSG00000058704",0.0227374903426331,0.79865331882116,-0.266825612190015,0.738413557551277,-0.636203711252406,0.0658197562886309,0.408776701666434,0.95497026093469,-0.369378099062391,0.206268144318036,0.675602313856449,0.454758501187753,1.04498041291884
"ENSMUSG00000024151",0.000209740350354922,0.240630570578618,-0.758126106100347,0.610336821391171,-0.596798232691149,0.000156240018346576,-1.03370384727663,0.997960926746014,0.161327873409198,0.74899677228663,-0.275577741176279,0.58666129577082,-0.436905614585477
"ENSMUSG00000024430",0.00766627213825683,0.951715360194356,0.347057635044027,0.0256607171984204,-2.07998046721856,0.949326767998233,0.377276510531218,0.0266956161192121,-2.42703810226259,0.999999710060885,0.0302188754871912,0.0271097323265419,2.45725697774978
"ENSMUSG00000042680",0.121929597385853,0.999999866850822,-0.0481467522766834,0.276249682547683,1.42130889647057,0.382275051521999,1.18579244467319,0.397890722559435,1.46945564874726,0.512509515104376,1.23393919694988,0.988320507991718,-0.235516451797379
"ENSMUSG00000052102",0.0298112670774068,0.999999985392429,-0.00946758890318336,0.504652692615481,0.338655339153327,0.0944452305669713,-1.154192731531,0.376372747654455,0.34812292805651,0.118324977638756,-1.14472514262782,0.0735996942007799,-1.49284807068433
"ENSMUSG00000024472",0.0923693654569677,0.937397716413888,-0.182532592839516,0.999836577231505,0.0518015209526861,0.138642255833831,-1.24153341834418,0.92179982563196,0.234334113792203,0.177744496183451,-1.05900082550466,0.111242345712686,-1.29333493929686
"ENSMUSG00000085977",0.046182992382549,0.174545070260073,0.997560134493741,0.925678859032813,-0.361814100033406,0.418402248998878,0.595656096789743,0.189833074795523,-1.35937423452715,0.339466072177726,-0.401904037703998,0.316639923422219,0.957470196823149
"ENSMUSG00000040560",0.826903180497797,0.990503422408176,0.185697563092497,0.936105912884725,0.0990701853722395,0.904230265681372,0.138409324148728,0.999809760958056,-0.0866273777202576,0.999996323641967,-0.047288238943769,0.999127028393022,0.0393391387764884
"ENSMUSG00000078963",0.00466405011245483,0.219095655340095,1.40685238788927,0.466614308855359,0.965899177677378,0.0854250274890515,2.93036005447415,0.930843529883605,-0.440953210211895,0.0104764695845613,1.52350766658487,0.266991274763704,1.96446087679677
"ENSMUSG00000024901",0.101755436003896,0.0818563289953435,0.313048092191162,0.999992723717523,0.0601097724015459,0.686168510349424,0.481055066989454,0.989049858116805,-0.252938319789616,0.996837929067023,0.168006974798292,0.970550325059966,0.420945294587908
"ENSMUSG00000024807",0.0493471027572172,0.187504084445756,2.45450279701851,0.746981630970704,0.791185355672351,0.236342855428318,1.99619910436877,0.284971572906633,-1.66331744134615,0.640050275532795,-0.458303692649737,0.430442014068529,1.20501374869642
"ENSMUSG00000052188",0.0129587650018495,0.952612807316864,0.285066402395073,0.0740706689069854,-1.51461576652302,0.158608005097101,1.53826427923786,0.055893535330958,-1.79968216891809,0.44411499501746,1.25319787684279,0.0267046721337515,3.05288004576089
"ENSMUSG00000034445",0.176092344357649,0.994244915079787,-0.100966470321354,0.99999999906006,-0.00229997054431418,0.210954109534085,-0.701983543591838,0.995077188925361,0.0986664997770402,0.343619950363284,-0.601017073270484,0.214054458488472,-0.699683573047524
"ENSMUSG00000024687",0.292606528197861,0.365879868977849,0.698699073421358,0.437548426291588,0.654020432673245,0.614616499102539,0.487608087045808,0.999959290446364,-0.0446786407481123,0.778347806183106,-0.21109098637555,0.948850722040367,-0.166412345627438
"ENSMUSG00000118366",0.0975392335681937,0.590258783260905,0.832407308280522,0.337395656929082,-1.42389587523522,0.566527827726292,0.934721300406519,0.195526222862155,-2.25630318351574,0.999985810543056,0.102313992125997,0.191112254846719,2.35861717564174
"ENSMUSG00000036097",0.0307564679145418,0.71533666558091,0.237208253571346,0.251937816276217,0.406640936669672,0.175122308435866,-0.946685249142815,0.788235629128607,0.169432683098326,0.127401404731862,-1.18389350271416,0.0971178540637703,-1.35332618581249
"ENSMUSG00000025089",0.00222282479345504,0.25812438998843,1.120504719424,0.0977682015409501,1.80450776333882,0.0451084434554093,3.4002160765813,0.754135140544779,0.684003043914827,0.214643503720734,2.2797113571573,0.00859082363227592,1.59570831324247
"ENSMUSG00000064344",0.0181866965841634,0.274970512436872,1.69528932872912,0.488026254813492,-1.07710988348974,0.132769432632059,3.2929324299952,0.151943149534473,-2.77239921221886,0.655973474469859,1.59764310126608,0.104128166456885,4.37004231348494
"ENSMUSG00000064371",0.0174721719675692,0.999856728497279,0.137673611747504,0.0734605371599316,-2.0983297826365,0.465947066264471,1.0927541406674,0.0859041372401881,-2.23600339438401,0.494524040116519,0.955080528919895,0.0549418983532697,3.1910839233039
