"","Pval","log2FoldChange_GroupY_vs_GroupX"
"ENSMUSG00000033813",0.359615403861473,-0.225912278538285
"ENSMUSG00000033740",0.875323709363328,-0.0507213308016294
"ENSMUSG00000051285",0.0207232371403451,-0.345532622592147
"ENSMUSG00000061024",0.633880104792784,-0.060026735517707
"ENSMUSG00000025915",0.691041899762883,-0.101354156028966
"ENSMUSG00000103825",0.931876769080245,0.0233804545599352
"ENSMUSG00000005886",0.351786432385726,-0.280769670310557
"ENSMUSG00000025777",0.409806105169554,-0.156615459146939
"ENSMUSG00000041779",0.585338803207827,0.119865679410946
"ENSMUSG00000102465",0.314942605750165,-0.38752714057117
"ENSMUSG00000048874",0.453097225078994,-0.125996127839753
"ENSMUSG00000042111",0.601322920721536,0.0818511119160306
"ENSMUSG00000067653",0.644339634670094,0.173581996844248
"ENSMUSG00000050122",0.451426569105097,-0.17926404612255
"ENSMUSG00000026110",0.854568907327796,-0.0248547622110744
"ENSMUSG00000060771",0.843345550849878,0.0449256375596361
"ENSMUSG00000048234",0.381866793090145,-0.0824852297096156
"ENSMUSG00000097083",0.488695479884161,0.236614170337852
"ENSMUSG00000041945",0.957210775425525,0.0126072771227752
"ENSMUSG00000041684",0.57065170832727,-0.118665743216509
"ENSMUSG00000084817",0.905339794066032,0.036646536536012
"ENSMUSG00000101337",0.921219518273795,0.020672986943945
"ENSMUSG00000026107",0.40898868604425,-0.182796986668315
"ENSMUSG00000025981",0.118981566119981,-0.244644138341358
"ENSMUSG00000026035",0.904337248924519,-0.0198695060680036
"ENSMUSG00000026036",0.935306589131059,0.0117008298140018
"ENSMUSG00000026037",0.814508424351782,-0.0347842529309074
"ENSMUSG00000026028",0.263511645949435,-0.237116267899095
"ENSMUSG00000097573",0.274654350657905,0.383339524684872
"ENSMUSG00000026017",0.0468372682854965,-0.110747449512331
"ENSMUSG00000026782",0.196644693646726,-0.294245689004286
"ENSMUSG00000103382",0.345342166282795,0.503278180192318
"ENSMUSG00000026000",0.925182004387452,-0.0057944971966617
"ENSMUSG00000025997",0.270925405624017,-0.344981704261325
"ENSMUSG00000026209",0.12806604907358,0.155330041144244
"ENSMUSG00000033007",0.346841964116441,0.213708636719284
"ENSMUSG00000047330",0.381593168664633,0.357875141625068
"ENSMUSG00000054702",0.139977841815223,-0.439093919169456
"ENSMUSG00000026248",0.48531747211228,0.0534447914636361
"ENSMUSG00000054976",0.184408826278187,-0.438018825257646
"ENSMUSG00000067081",0.301127348318361,0.317879173636748
"ENSMUSG00000026277",0.175581280456509,0.0334446614251836
"ENSMUSG00000073609",0.458383292642519,-0.0927167346373203
"ENSMUSG00000089706",0.678915294757116,0.0535652481821374
"ENSMUSG00000056536",0.233707141170368,-0.240773583380892
"ENSMUSG00000026319",0.117940933447667,-0.22397110549381
"ENSMUSG00000026315",0.504964970867336,-0.214794110319536
"ENSMUSG00000026312",0.130989025658332,-0.212288383093235
"ENSMUSG00000037035",0.777584519698982,-0.0358799254839953
"ENSMUSG00000098923",0.06301419955996,-0.214667283953901
"ENSMUSG00000058665",0.248636620840994,1.3684024765168
"ENSMUSG00000104253",0.618057245756829,-0.28847143930951
"ENSMUSG00000036815",0.211806573412845,-0.266880319702167
"ENSMUSG00000102801",0.798162967369472,0.133965231625573
"ENSMUSG00000026354",0.579685731525445,-0.151455462411372
"ENSMUSG00000016528",0.734797826007941,0.0328700406758486
"ENSMUSG00000026427",0.915607912916772,0.0116899635724984
"ENSMUSG00000052688",0.464035731356155,-0.22068527790102
"ENSMUSG00000042251",0.712150519669197,-0.0870021857464019
"ENSMUSG00000026443",0.216756457799573,0.124158937531208
"ENSMUSG00000042207",0.434323307973231,-0.124142293158803
"ENSMUSG00000103976",0.717325875469325,-0.190136773782214
"ENSMUSG00000041889",0.338471762566512,0.143716913066748
"ENSMUSG00000026411",0.0712972686278538,0.213591848119457
"ENSMUSG00000063681",0.43374476949307,-0.320302842258546
"ENSMUSG00000052726",0.114459869484977,-0.515679346959103
"ENSMUSG00000026483",0.155000784789473,-0.374162215513952
"ENSMUSG00000042684",0.550507941319968,0.108616233674548
"ENSMUSG00000026475",0.256712599801129,0.328849925602105
"ENSMUSG00000033722",0.98595343843951,-0.00300978813196742
"ENSMUSG00000026469",0.297262177453202,-0.164260429886156
"ENSMUSG00000026466",0.378295186033041,-0.0813835897844238
"ENSMUSG00000015484",0.41541770082538,0.111650627496483
"ENSMUSG00000026600",0.266487602008712,-0.2016671064495
"ENSMUSG00000070565",0.341178322993708,-0.17074254533686
"ENSMUSG00000049881",0.876808501580095,-0.0212652910349858
"ENSMUSG00000033488",0.453851835595617,0.173496671428393
"ENSMUSG00000026589",0.766564598866019,0.112187960956599
"ENSMUSG00000040265",0.144641073012453,-0.133442297272666
"ENSMUSG00000041396",0.690233472832527,0.0916796698382011
"ENSMUSG00000026575",0.232237090035947,0.169602931080364
"ENSMUSG00000026687",0.340619053479382,0.0911019341938326
"ENSMUSG00000096964",0.288316645222066,0.671038970626375
"ENSMUSG00000013997",0.39904576555233,0.0667114416541507
"ENSMUSG00000006412",0.427696869134079,0.096365092983429
"ENSMUSG00000038235",0.635143125271084,0.095998370146739
"ENSMUSG00000059058",0.905278772178036,-0.030685470060962
"ENSMUSG00000003458",0.612079971674755,0.032828692862241
"ENSMUSG00000038034",0.152724526778909,0.216068872502039
"ENSMUSG00000104157",0.480955343423643,-0.307577315668926
"ENSMUSG00000091476",0.594182413796993,-0.153121680617236
"ENSMUSG00000026491",0.724844500728595,-0.0846738956390401
"ENSMUSG00000058729",0.524002082566678,-0.220753517203498
"ENSMUSG00000030768",0.358778814592948,-0.0973065482543237
"ENSMUSG00000104212",0.12378874166192,0.635509639395502
"ENSMUSG00000039377",0.250452583447276,0.766097555538616
"ENSMUSG00000103964",0.39820375415302,0.366084198196206
"ENSMUSG00000066595",0.210947282842249,-0.24082161169172
"ENSMUSG00000037434",0.100042176375483,-0.190855946902006
"ENSMUSG00000103653",0.699291001407758,0.240728694890384
"ENSMUSG00000037395",0.300102753928522,-0.155632366257227
"ENSMUSG00000016200",0.815976576732348,-0.0636029558482077
"ENSMUSG00000016181",0.0914926846469636,0.213176426592961
"ENSMUSG00000026639",0.340739788089517,0.267092848779944
"ENSMUSG00000025780",0.807763267488381,-0.04009423998195
"ENSMUSG00000026718",0.169298185703833,-0.310277584944002
"ENSMUSG00000026712",0.838057186602913,-0.0483679312964033
"ENSMUSG00000057914",0.654904661611942,-0.0817291208572811
"ENSMUSG00000053702",0.18089681024773,-0.297590098146415
"ENSMUSG00000054057",0.442844410123691,0.178919922219086
"ENSMUSG00000081648",0.600016901587718,0.310490983197104
"ENSMUSG00000026986",0.322107505048583,-0.116812486897006
"ENSMUSG00000013465",0.140980239056384,0.231107269141964
"ENSMUSG00000047617",0.332992781935128,0.227001428749356
"ENSMUSG00000036504",0.367192719543862,0.210035795819351
"ENSMUSG00000026940",0.768008886598553,0.0928514777215788
"ENSMUSG00000026939",0.494405310891675,0.15186144719492
"ENSMUSG00000026933",0.327714606056827,-0.102115302846295
"ENSMUSG00000075467",0.293970007450413,0.196218471981388
"ENSMUSG00000085929",0.319802310908382,-0.51502505727855
"ENSMUSG00000065485",0.933162490903412,0.0504328576053576
"ENSMUSG00000019715",0.391485447209323,0.0736798747575199
"ENSMUSG00000075419",0.416184604730383,-0.0596430759500401
"ENSMUSG00000001864",0.0182557835888435,0.25969482270996
"ENSMUSG00000039195",0.311335710160872,0.186381298877887
"ENSMUSG00000026895",0.225164336148939,0.224744229910917
"ENSMUSG00000026889",0.183375872294354,-0.192436360800118
"ENSMUSG00000035403",0.926091263366677,-0.0245277456244144
"ENSMUSG00000062997",0.529694286006244,0.166059300783749
"ENSMUSG00000049252",0.178124444935319,-0.259766959529976
"ENSMUSG00000026872",0.0662122690618942,-0.248479770647924
"ENSMUSG00000026761",0.496901965817903,-0.159378179913465
"ENSMUSG00000036792",0.878194116655876,-0.0206776219682408
"ENSMUSG00000036093",0.31077499158075,-0.202317844466837
"ENSMUSG00000082132",0.664191109351475,-0.256134111840703
"ENSMUSG00000026960",0.427534282803903,-0.190521369024406
"ENSMUSG00000026826",0.133229883004289,-0.276390762860901
"ENSMUSG00000026977",0.218602801901642,-0.299519156163344
"ENSMUSG00000034810",0.596082824095802,-0.201230265004169
"ENSMUSG00000027035",0.250907976804747,-0.212552524284303
"ENSMUSG00000027086",0.981002807409469,-0.00241740149168667
"ENSMUSG00000042155",0.6849436047879,-0.0559510553350555
"ENSMUSG00000027015",0.26801544129961,-0.523068524211123
"ENSMUSG00000027010",0.133047187799694,-0.0865357887619579
"ENSMUSG00000027104",0.260140764500646,-0.223443320591185
"ENSMUSG00000042359",0.492846282431627,-0.0997461699822505
"ENSMUSG00000059173",0.257851726426819,-0.162847415992385
"ENSMUSG00000027074",0.322615111030987,-0.679598249298842
"ENSMUSG00000040794",0.352252468222552,0.240187116100995
"ENSMUSG00000027257",0.277902701131491,0.294498658830651
"ENSMUSG00000027239",0.386568302373845,0.321951540890093
"ENSMUSG00000027221",0.226287366984277,0.0541771501587973
"ENSMUSG00000027193",0.670140545508406,-0.0859065140223444
"ENSMUSG00000027189",0.272772340655661,-0.235131355897566
"ENSMUSG00000027187",0.0157275095942238,-0.19393667574279
"ENSMUSG00000074968",0.28218968155136,-0.306693190278596
"ENSMUSG00000086308",0.890623010226346,-0.0371197833546211
"ENSMUSG00000068580",0.221451382815521,0.289305740613252
"ENSMUSG00000085438",0.138635793464294,-0.271380041017508
"ENSMUSG00000090100",0.38084319733179,-0.191587934593238
"ENSMUSG00000074890",0.785619181798565,0.066759035277488
"ENSMUSG00000060227",0.185156339800103,-0.228219407223143
"ENSMUSG00000081219",0.152622754935453,0.870724101674073
"ENSMUSG00000027203",0.40274622698149,0.102153153286266
"ENSMUSG00000027365",0.260267244388896,-0.181118558158391
"ENSMUSG00000027366",0.220605800379974,-0.256012504360654
"ENSMUSG00000034906",0.98224996718135,0.00970063667224942
"ENSMUSG00000027367",0.600551502074672,-0.0216676506392807
"ENSMUSG00000027395",0.659407200364832,0.0569130998499742
"ENSMUSG00000027401",0.619239110131044,0.135821955298107
"ENSMUSG00000068267",0.453836260741997,0.153318004455493
"ENSMUSG00000068264",0.878528448081393,0.0189040725226063
"ENSMUSG00000051177",0.120509776514281,-0.281795759941783
"ENSMUSG00000027274",0.567335062612844,-0.0338085189551945
"ENSMUSG00000062098",0.499686656317668,-0.0996448491172954
"ENSMUSG00000051379",0.601300057234022,-0.0807097485104154
"ENSMUSG00000027428",0.489831110367493,-0.127534237162856
"ENSMUSG00000044364",0.284235336404181,0.322232991059711
"ENSMUSG00000074698",0.199183106949135,-0.138235927438577
"ENSMUSG00000027475",0.929854496207595,-0.0153027824752609
"ENSMUSG00000073236",0.29717328290173,-0.243820359147218
"ENSMUSG00000038467",0.147475446299614,0.19314281328073
"ENSMUSG00000027598",0.487492248556364,-0.151146819163106
"ENSMUSG00000027602",0.419572128774124,0.163125032826772
"ENSMUSG00000027605",0.3362188640756,-0.0975445623505714
"ENSMUSG00000038312",0.377090711667332,0.161774441509336
"ENSMUSG00000067847",0.301814214553611,0.365411178564605
"ENSMUSG00000046229",0.309681619866181,0.27061374678541
"ENSMUSG00000038085",0.451672486517095,0.172634308717061
"ENSMUSG00000063019",0.393636879115084,0.121564740139844
"ENSMUSG00000074607",0.985458802536052,0.00205208969432237
"ENSMUSG00000017707",0.273301304675868,-0.181767397958076
"ENSMUSG00000018209",0.664125816711185,-0.105480595770719
"ENSMUSG00000017007",0.371166938054823,0.436469822900933
"ENSMUSG00000017721",0.341585277833621,0.125421347151226
"ENSMUSG00000017299",0.0424349695732128,0.274852671114718
"ENSMUSG00000045822",0.13800091267121,0.279753297263985
"ENSMUSG00000017760",0.485878271497064,0.109520660254722
"ENSMUSG00000038400",0.71036098883419,0.0385379622732909
"ENSMUSG00000016253",0.477315700966857,0.0858544765083495
"ENSMUSG00000078866",0.514018971875582,0.122840995164275
"ENSMUSG00000095362",0.237106086946004,-0.39390722026365
"ENSMUSG00000027566",0.226090502869198,0.193273226554743
"ENSMUSG00000039086",0.296797646958067,-0.123043678079128
"ENSMUSG00000039041",0.170234274627624,0.22360970880554
"ENSMUSG00000027574",0.67205843804539,0.0530316289103925
"ENSMUSG00000080186",0.695522761280318,-0.259731196227824
"ENSMUSG00000039278",0.207335698711543,0.274856063187753
"ENSMUSG00000031171",0.642235325326021,0.0518656836073119
"ENSMUSG00000015342",0.911781792090997,-0.0256438179451271
"ENSMUSG00000031176",0.148324885663109,-0.227743296927482
"ENSMUSG00000031174",0.633159917415091,-0.0720658015114012
"ENSMUSG00000036769",0.14568268554816,-0.47616366025393
"ENSMUSG00000025862",0.0802220013610248,-0.3992172125356
"ENSMUSG00000037086",0.472698542701368,-0.356783840085577
"ENSMUSG00000050029",0.277815577886563,-0.239150125184195
"ENSMUSG00000000838",0.359136410612473,-0.24277724896211
"ENSMUSG00000015217",0.474591344586852,-0.112359036497466
"ENSMUSG00000056380",0.177445316051205,-0.433772798120771
"ENSMUSG00000031343",0.318074703209274,-0.171914581290894
"ENSMUSG00000031351",0.10952009465896,0.497695036737639
"ENSMUSG00000031371",0.363214431312466,0.165328747446812
"ENSMUSG00000031393",0.105961368311597,-0.210625583879911
"ENSMUSG00000032750",0.43719815163626,-0.31530616825108
"ENSMUSG00000079509",0.301145489682256,-0.210784066055597
"ENSMUSG00000025151",0.223651959197939,0.0730088191436198
"ENSMUSG00000047694",0.379134408298051,-0.230413293199427
"ENSMUSG00000047797",0.857384141653178,-0.0295664310759218
"ENSMUSG00000067567",0.471390420509704,0.0835152773728544
"ENSMUSG00000031229",0.0993318313803976,-0.117381238282931
"ENSMUSG00000033777",0.223846152160819,0.660676128078116
"ENSMUSG00000031242",0.135765831387494,-0.272960746301995
"ENSMUSG00000031257",0.648680358602162,0.272460465946398
"ENSMUSG00000052676",0.952305444843335,-0.00741009945519819
"ENSMUSG00000048040",0.215157912843994,-0.17018770102156
"ENSMUSG00000047844",0.933468930452271,0.0186595695890191
"ENSMUSG00000079428",0.957838904402568,-0.0178897656811589
"ENSMUSG00000031433",0.786563836312977,-0.127073377305129
"ENSMUSG00000031278",0.358493955011106,-0.24528288632956
"ENSMUSG00000067276",0.120476223674416,-0.478132903668593
"ENSMUSG00000084771",0.791857718182456,0.150531145379494
"ENSMUSG00000056679",0.462535830790264,-0.12756936176317
"ENSMUSG00000041649",0.625884671079871,0.345352141172149
"ENSMUSG00000031309",0.602487660321981,-0.149843849956198
"ENSMUSG00000031381",0.579531051005865,0.137585825163911
"ENSMUSG00000031382",0.662987169353255,0.146082816269029
"ENSMUSG00000061778",0.0950145630538927,-0.494774415154877
"ENSMUSG00000031342",0.158940842969007,-0.260571728722528
"ENSMUSG00000049176",0.189610720095576,-0.357421787065659
"ENSMUSG00000031352",0.570037269918633,-0.105407360929797
"ENSMUSG00000047213",0.210631196027913,-0.312300382736884
"ENSMUSG00000002428",0.372871390910124,-0.126781722597221
"ENSMUSG00000037661",0.916096660128166,0.0445125487147999
"ENSMUSG00000027660",0.449643347618394,-0.225792840899963
"ENSMUSG00000069072",0.860629240220685,0.0269241943178923
"ENSMUSG00000105135",0.95953022167392,0.0147841927415198
"ENSMUSG00000092242",0.444991326890699,0.148430460195776
"ENSMUSG00000027820",0.674933067829648,-0.11088434270352
"ENSMUSG00000033910",0.772622471990815,-0.0638479947464751
"ENSMUSG00000074513",0.142311823460465,-0.490946906718727
"ENSMUSG00000004891",0.534541045682392,-0.182428885307685
"ENSMUSG00000028070",0.0599149571440626,0.246672627298125
"ENSMUSG00000001418",0.496530074110069,0.145845957777616
"ENSMUSG00000028049",0.0248051803523332,0.188441393872999
"ENSMUSG00000028048",0.654950046693459,-0.0342733085705626
"ENSMUSG00000027954",0.36440511906266,0.333713154295658
"ENSMUSG00000074457",0.232169363569838,0.221414805997365
"ENSMUSG00000043165",0.224095315280195,0.321770738054733
"ENSMUSG00000092607",0.249401160418973,0.214612673413799
"ENSMUSG00000097532",0.52661738035968,-0.235017079731128
"ENSMUSG00000015850",0.633339927699746,0.0832295118657934
"ENSMUSG00000097189",0.243238370264285,-0.544853306909214
"ENSMUSG00000054312",0.257489103903294,0.25782376021129
"ENSMUSG00000038543",0.827961384992743,-0.0673879421162423
"ENSMUSG00000038526",0.728318494022739,0.0873010920179852
"ENSMUSG00000038495",0.830171041297765,0.0174981479264081
"ENSMUSG00000028100",0.299998115845732,0.204483519474134
"ENSMUSG00000105245",0.0640316496017884,0.298469935010542
"ENSMUSG00000027879",0.0997779272524194,-0.138952715797632
"ENSMUSG00000027859",0.32513288652954,-0.141658748171663
"ENSMUSG00000027857",0.14334747748535,0.63091014889871
"ENSMUSG00000005687",0.383839292935062,0.047052919946965
"ENSMUSG00000058388",0.585191268929006,-0.103817493472234
"ENSMUSG00000027900",0.207633964504701,-0.166802498213098
"ENSMUSG00000027887",0.554371301226095,-0.160354768501786
"ENSMUSG00000068739",0.264245114774766,0.116919548680817
"ENSMUSG00000045662",0.379942403189497,-0.409702492073233
"ENSMUSG00000027957",0.496487679692217,-0.164404524116804
"ENSMUSG00000028132",0.51469241282949,-0.196132001225377
"ENSMUSG00000054091",0.255320114031648,0.173225518206394
"ENSMUSG00000039701",0.276957517510594,-0.240994608457967
"ENSMUSG00000050315",0.589023173023961,0.197081044512521
"ENSMUSG00000028195",0.109627455313121,0.778722248289868
"ENSMUSG00000036745",0.293513594136956,-0.208635250124914
"ENSMUSG00000106024",0.380667921276799,0.457220169594823
"ENSMUSG00000028174",0.0984750403889261,-0.339357799930371
"ENSMUSG00000050323",0.0704968749427028,0.395031819405662
"ENSMUSG00000045205",0.191439693080172,-0.300541725439797
"ENSMUSG00000086587",0.906000435457697,0.0560599028836771
"ENSMUSG00000041058",0.183837958850613,-0.326017807786303
"ENSMUSG00000028282",0.216271697684511,-0.318865469746621
"ENSMUSG00000028293",0.5234335122087,0.0693482727938558
"ENSMUSG00000028294",0.39176142381324,-0.278291714107339
"ENSMUSG00000036114",0.824057887010392,0.0552840539431891
"ENSMUSG00000028455",0.273444086333959,0.15969760625379
"ENSMUSG00000028459",0.69191135965598,-0.148534709341756
"ENSMUSG00000066196",0.745372595754939,0.127146214836595
"ENSMUSG00000088947",0.152992518609538,-0.545416488647579
"ENSMUSG00000028478",0.307612807210437,0.206512065895007
"ENSMUSG00000049657",0.549130527195138,-0.0989678751144903
"ENSMUSG00000035539",0.551952564616077,-0.349526231251318
"ENSMUSG00000028329",0.166176834519077,0.546057874613349
"ENSMUSG00000039853",0.8410275991259,0.131099057422757
"ENSMUSG00000028341",0.134017736289091,-0.475774282869673
"ENSMUSG00000028345",0.450676604513591,-0.129482970814081
"ENSMUSG00000039634",0.542473724893622,-0.252086145182768
"ENSMUSG00000054752",0.452696212945611,-0.222026062182379
"ENSMUSG00000045589",0.203124771557228,-0.17281761657447
"ENSMUSG00000057280",0.501438193481858,-0.443768053353684
"ENSMUSG00000050812",0.442123683447011,-0.107148997741626
"ENSMUSG00000028381",0.250903010189278,-0.16814932904272
"ENSMUSG00000066150",0.539783758583392,-0.0978839219026982
"ENSMUSG00000039270",0.365414525694364,-0.244983185601461
"ENSMUSG00000028398",0.048284662276453,0.219781279555687
"ENSMUSG00000028496",0.905674916766381,-0.0178856612454555
"ENSMUSG00000084159",0.773189945860554,0.0715356424471903
"ENSMUSG00000028553",0.853442704241138,0.14877806537421
"ENSMUSG00000035305",0.992943450111607,-0.00287946316205592
"ENSMUSG00000028519",0.516942997560047,-0.0616376771848237
"ENSMUSG00000028518",0.313690758809599,-0.296129309595978
"ENSMUSG00000034853",0.359941872643016,-0.139786687137483
"ENSMUSG00000034636",0.475154422608196,-0.185782284479798
"ENSMUSG00000028545",0.637555181410466,0.103858706858481
"ENSMUSG00000028702",0.831875311591867,-0.0473037454596249
"ENSMUSG00000028677",0.476882687830266,0.0488715146218955
"ENSMUSG00000086876",0.339659073229492,0.762603620356217
"ENSMUSG00000033423",0.306553936491216,0.128052417938577
"ENSMUSG00000028643",0.32421951373421,0.274661271050662
"ENSMUSG00000028657",0.250177371616805,-0.0681652144107345
"ENSMUSG00000051219",0.327390167042398,0.586474246772723
"ENSMUSG00000032643",0.259386850287844,0.265213475058685
"ENSMUSG00000078570",0.0824764209167668,0.266943053584624
"ENSMUSG00000042763",0.385794534404804,-0.0732437489698004
"ENSMUSG00000028869",0.11935233377697,0.125622856681786
"ENSMUSG00000028861",0.613516053002447,0.117432990590935
"ENSMUSG00000028849",0.212709934608482,0.15861484822599
"ENSMUSG00000042558",0.260224993485332,0.223338493137062
"ENSMUSG00000028830",0.35642176394444,-0.0728473089428524
"ENSMUSG00000085334",0.38225078989676,-0.200858092322441
"ENSMUSG00000028789",0.105001873331164,0.193275177035045
"ENSMUSG00000050390",0.686544377777832,0.0589343212109716
"ENSMUSG00000023232",0.582698357148338,0.210593853405016
"ENSMUSG00000028898",0.258377744963742,0.230276547412264
"ENSMUSG00000054428",0.304712980670689,0.201248792304842
"ENSMUSG00000083816",0.429688040509934,-0.313356031191071
"ENSMUSG00000028857",0.519492734551255,0.0897287213160188
"ENSMUSG00000056596",0.528378562010276,0.0673201847850699
"ENSMUSG00000028836",0.416833289504724,0.114935255901384
"ENSMUSG00000028671",0.185166035818717,0.345128045870226
"ENSMUSG00000059291",0.458996027277445,0.159752690032674
"ENSMUSG00000045349",0.438484715369981,0.0628074376376442
"ENSMUSG00000028756",0.388504804902206,0.115735724049228
"ENSMUSG00000028743",0.398376584800621,0.179102335801097
"ENSMUSG00000028736",0.456253781947121,0.627414527192225
"ENSMUSG00000040972",0.103746023394362,0.20160794661707
"ENSMUSG00000036622",0.0719447566816378,0.243751450785233
"ENSMUSG00000028917",0.156895073152762,0.13712129527211
"ENSMUSG00000082575",0.938312246352117,-0.0399533786221245
"ENSMUSG00000041556",0.249653285024198,0.206685019747772
"ENSMUSG00000047719",0.640010680857003,-0.0890513406061951
"ENSMUSG00000082860",0.701910094996214,0.176418443659283
"ENSMUSG00000028975",0.196620517175886,0.141493591526554
"ENSMUSG00000039936",0.172307577274658,0.202628242934475
"ENSMUSG00000039911",0.901151910609947,0.0193374142991605
"ENSMUSG00000047613",0.679776922248489,0.0795324445029982
"ENSMUSG00000098424",0.237044659304809,0.425269278199759
"ENSMUSG00000073684",0.576257804560836,0.156341665859831
"ENSMUSG00000042202",0.636392352515304,-0.08233658909717
"ENSMUSG00000023286",0.265495193615839,0.166753974518942
"ENSMUSG00000103183",0.661943232378596,0.11277374230338
"ENSMUSG00000041954",0.501552015083326,-0.34268312714039
"ENSMUSG00000040351",0.641574837399727,-0.104933422923781
"ENSMUSG00000003623",0.454046963843771,-0.149095677674323
"ENSMUSG00000061601",0.337100663882649,-0.135610107232587
"ENSMUSG00000040118",0.188293788346586,-0.299149947492799
"ENSMUSG00000028771",0.262951898638133,-0.240597832951249
"ENSMUSG00000090226",0.298531353015388,1.13712717945944
"ENSMUSG00000028973",0.217016278236149,0.125999880231148
"ENSMUSG00000038276",0.602679850849004,0.297326845867233
"ENSMUSG00000028969",0.0540608427671707,0.179214673947579
"ENSMUSG00000028958",0.181036392898311,0.37050172938013
"ENSMUSG00000023353",0.327693539532805,0.11544323978004
"ENSMUSG00000073102",0.144764788298068,0.17284376203363
"ENSMUSG00000029166",0.90111370818198,-0.00852797427803962
"ENSMUSG00000101678",0.700359534098645,0.208942210836204
"ENSMUSG00000038552",0.157379710585732,0.134041562138882
"ENSMUSG00000107355",0.496327720489553,-0.385570785151133
"ENSMUSG00000070858",0.21349784258665,0.368393864666494
"ENSMUSG00000029110",0.474672057644594,-0.075582372234653
"ENSMUSG00000044716",0.286015169693575,0.158662604403905
"ENSMUSG00000063646",0.574674274706638,0.0417304246949594
"ENSMUSG00000062329",0.733534846986943,0.195687966241994
"ENSMUSG00000085720",0.441562006728253,-0.312756966679219
"ENSMUSG00000105663",0.78301928026755,0.255599583130871
"ENSMUSG00000029169",0.42454111493437,-0.149900627638084
"ENSMUSG00000037999",0.291536230186637,-0.250646151951711
"ENSMUSG00000044827",0.915638729411684,0.060871665967154
"ENSMUSG00000037822",0.427749921192935,-0.045161273579883
"ENSMUSG00000029204",0.546604639197897,-0.15374354390573
"ENSMUSG00000036087",0.209430622803066,-0.229691551968932
"ENSMUSG00000029238",0.16389571225971,-0.189321135680513
"ENSMUSG00000029254",0.898090159073194,0.0683180634523631
"ENSMUSG00000029407",0.379836362971603,-0.128285317617109
"ENSMUSG00000106870",0.475993714045477,-0.113391151683076
"ENSMUSG00000029335",0.0942693181580531,-0.3922085900887
"ENSMUSG00000029312",0.697790983862271,-0.0525057450951216
"ENSMUSG00000106396",0.819193451416423,0.107663955116564
"ENSMUSG00000029276",0.789722345022117,-0.0750467432654661
"ENSMUSG00000033773",0.0181548037453112,-0.226795339141352
"ENSMUSG00000033467",0.20369984039885,0.235328930347105
"ENSMUSG00000052848",0.0141068902944819,0.448071320422831
"ENSMUSG00000085271",0.129149268065994,-0.767108325532676
"ENSMUSG00000072694",0.324615104117903,0.0648890591128311
"ENSMUSG00000092486",0.157428641996315,0.416106816446
"ENSMUSG00000029559",0.397064716401207,0.203217006162562
"ENSMUSG00000041697",0.183500330280307,0.234964481586927
"ENSMUSG00000041609",0.0394244559943292,0.224259745305169
"ENSMUSG00000029360",0.5525826304842,-0.311238142966472
"ENSMUSG00000029603",0.347792133634322,0.143229761155635
"ENSMUSG00000029456",0.644112318953941,0.0920762800359817
"ENSMUSG00000105742",0.294351764962282,-1.13429475131242
"ENSMUSG00000029468",0.626891511473816,0.0547548839176354
"ENSMUSG00000105613",0.0337322338655763,1.37783974256286
"ENSMUSG00000049686",0.493519419749992,0.230578459269727
"ENSMUSG00000000915",0.0553322221503953,0.226181632542041
"ENSMUSG00000029432",0.399264013072138,0.0651185150385819
"ENSMUSG00000025533",0.252086579615482,0.281580870519289
"ENSMUSG00000023079",0.228903529370466,0.179777540039039
"ENSMUSG00000039959",0.327500263539686,-0.128191431523356
"ENSMUSG00000039771",0.13361849851929,0.275568327878317
"ENSMUSG00000039737",0.204654829918594,0.191068465537964
"ENSMUSG00000059518",0.406870039334293,0.135819093954148
"ENSMUSG00000051502",0.316770171647949,0.209059755916572
"ENSMUSG00000029713",0.323411410367189,0.139766602407513
"ENSMUSG00000037221",0.328155123803139,0.174893771583326
"ENSMUSG00000029729",0.0173364281457617,-0.268995010340936
"ENSMUSG00000049285",0.85056309046565,-0.0524793360882265
"ENSMUSG00000025856",0.866614309095929,-0.0326431614825519
"ENSMUSG00000029551",0.53585253045769,0.12307701115359
"ENSMUSG00000061898",0.0625806519716181,0.17876335758678
"ENSMUSG00000029607",0.691392681229158,-0.131198701475023
"ENSMUSG00000047843",0.263538277442882,0.227196690918255
"ENSMUSG00000029650",0.336964958146675,0.163398983665827
"ENSMUSG00000085565",0.91513232577235,0.023202782312087
"ENSMUSG00000041264",0.58528337621995,-0.0524850406762164
"ENSMUSG00000051950",0.232915182182879,-0.198943631480833
"ENSMUSG00000029655",0.483018692679,-0.148411562779306
"ENSMUSG00000090063",0.259253268924997,-0.291628887610187
"ENSMUSG00000042460",0.302115678141904,-0.263903573082201
"ENSMUSG00000029670",0.359259624845136,-0.189496171942916
"ENSMUSG00000029695",0.0986497343889715,-0.38890135848371
"ENSMUSG00000039841",0.816047077234523,-0.107784008977259
"ENSMUSG00000020440",0.229082210246415,0.17597462959944
"ENSMUSG00000004285",0.311113799790623,0.21195775579741
"ENSMUSG00000025607",0.050556916711629,-0.294702618277693
"ENSMUSG00000103220",0.485863279162421,-0.177261534919995
"ENSMUSG00000025609",0.400619934608223,-0.0949144288064363
"ENSMUSG00000019689",0.211772676366908,0.381514996787458
"ENSMUSG00000029925",0.729571032678519,0.0700759519100913
"ENSMUSG00000042599",0.263151700748615,-0.21037837076813
"ENSMUSG00000002413",0.269568334950365,-0.260532768202302
"ENSMUSG00000091313",0.980469331079755,0.0121927456486365
"ENSMUSG00000071477",0.177725661496057,0.324150437446922
"ENSMUSG00000029819",0.356236527650189,0.0998811810431901
"ENSMUSG00000058446",0.467394612295049,-0.0989215253130154
"ENSMUSG00000037973",0.0513745253522961,1.0393832516774
"ENSMUSG00000029787",0.288076858637302,-0.343416093660397
"ENSMUSG00000045441",0.964878995996193,-0.00746090734148249
"ENSMUSG00000108242",0.451754248903702,-0.321460804907472
"ENSMUSG00000053442",0.996247794457334,-0.00305153457614017
"ENSMUSG00000063884",0.36149559974252,-0.0996838197135858
"ENSMUSG00000108591",0.290989217040948,0.255656797899205
"ENSMUSG00000079523",0.311094061522126,0.212368223407204
"ENSMUSG00000108057",0.271604279802749,-0.323898618965964
"ENSMUSG00000000627",0.115611335069576,0.174081854827631
"ENSMUSG00000030034",0.305020412825746,0.301125204579898
"ENSMUSG00000031865",0.0833270411479926,0.138175826473075
"ENSMUSG00000068299",0.661273287011705,-0.0656546137350507
"ENSMUSG00000107230",0.744810178919145,-0.131752077820351
"ENSMUSG00000057278",0.316777706260568,0.266695563859155
"ENSMUSG00000101655",0.562515021196286,0.259856150967436
"ENSMUSG00000097048",0.159374260470781,0.349047518291534
"ENSMUSG00000001157",0.307538333223109,-0.0981278976634873
"ENSMUSG00000029992",0.241014799938293,-0.279050341010445
"ENSMUSG00000068263",0.464026880500562,-0.0816161870188215
"ENSMUSG00000044927",0.486763385671402,0.194995913548051
"ENSMUSG00000030082",0.857484012327888,-0.0148082266415481
"ENSMUSG00000034037",0.208255488603058,0.33796020714131
"ENSMUSG00000108199",0.325872782381344,0.686039352279951
"ENSMUSG00000005892",0.402238071776144,-0.151025732609922
"ENSMUSG00000030031",0.848821493493809,-0.0661274687494984
"ENSMUSG00000059187",0.0960060092341751,-0.270499160985524
"ENSMUSG00000052144",0.100187849658597,-0.285012925343858
"ENSMUSG00000030105",0.225142552811127,-0.117142953257354
"ENSMUSG00000107944",0.6798257362416,0.153711093884306
"ENSMUSG00000045009",0.269369567946701,0.131504603959334
"ENSMUSG00000030126",0.335337118581703,-0.0820057050532521
"ENSMUSG00000107577",0.687649078769028,0.141333704685779
"ENSMUSG00000042213",0.640746456494847,-0.0708623645148592
"ENSMUSG00000059689",0.352309808628318,0.215927259699586
"ENSMUSG00000042079",0.302576266908848,-0.150700914115575
"ENSMUSG00000072772",0.191403284731319,0.259777464264723
"ENSMUSG00000038451",0.379733705646759,0.172869597284455
"ENSMUSG00000038390",0.0795601614821163,0.128353982981337
"ENSMUSG00000030127",0.302059372015279,0.0929305258266514
"ENSMUSG00000059659",0.152168373439589,1.2525991711555
"ENSMUSG00000060032",0.150569317243457,0.330538305011743
"ENSMUSG00000043298",0.00512044593250773,-0.837265119022207
"ENSMUSG00000030232",0.501931847590566,-0.126494325393179
"ENSMUSG00000040112",0.76754627646283,0.0497665859722554
"ENSMUSG00000063171",0.258451139969863,0.417246890215049
"ENSMUSG00000064179",0.221858654855785,0.424196903933698
"ENSMUSG00000060860",0.202103328646854,0.205868104854396
"ENSMUSG00000035203",0.574761418106748,0.0890881820625528
"ENSMUSG00000110320",0.445313271029645,0.411808738816954
"ENSMUSG00000033961",0.902279111522837,-0.0267382700818601
"ENSMUSG00000005575",0.5582116597354,0.088396854855706
"ENSMUSG00000041571",0.614575242593979,0.0802535879508705
"ENSMUSG00000041560",0.329491655165816,0.183349558662667
"ENSMUSG00000006019",0.372079714926378,0.218857809499884
"ENSMUSG00000048920",0.174852861057129,0.176134331977128
"ENSMUSG00000003099",0.260587380797595,0.086956362612661
"ENSMUSG00000044030",0.362944241783352,0.101903834633735
"ENSMUSG00000030410",0.339700279359984,0.08041002382016
"ENSMUSG00000030407",0.0692680308118891,0.192284224205352
"ENSMUSG00000040824",0.225550642501148,0.318427618770504
"ENSMUSG00000030406",0.615646350156129,0.192490723560455
"ENSMUSG00000040811",0.113550270170865,0.237640733851822
"ENSMUSG00000044317",0.12788333770227,0.486905796047356
"ENSMUSG00000030403",0.990055499690803,0.00250521527348654
"ENSMUSG00000040734",0.345648324068648,0.223236527964125
"ENSMUSG00000002043",0.0911562090110688,0.42024267167617
"ENSMUSG00000002984",0.192048920815743,0.278234481165486
"ENSMUSG00000002980",0.265739187238683,0.319128996945982
"ENSMUSG00000074282",0.0763608868318456,0.186771092454429
"ENSMUSG00000091955",0.426781529648354,0.516001696792924
"ENSMUSG00000054499",0.731405603504679,-0.039943910890501
"ENSMUSG00000063439",0.198858570274926,0.400488927020984
"ENSMUSG00000003752",0.970413845359943,0.00852128385229849
"ENSMUSG00000007944",0.40255155269399,0.183075028259664
"ENSMUSG00000030604",0.291785916588507,-0.17945563358153
"ENSMUSG00000046058",0.582794276237332,0.105940195060381
"ENSMUSG00000037563",0.270156006161286,0.202244482524613
"ENSMUSG00000015149",0.185048122129047,0.110560622252114
"ENSMUSG00000030588",0.259159632551929,0.213829734658181
"ENSMUSG00000037166",0.298404050722695,0.309197913071902
"ENSMUSG00000062040",0.887088449400982,-0.0152254871436638
"ENSMUSG00000098022",0.0602326550746859,-1.04772266787585
"ENSMUSG00000066647",0.197071067413829,-0.0973920452306394
"ENSMUSG00000019738",0.2635884964364,0.439812938140931
"ENSMUSG00000042831",0.0954890820701544,0.212476828157621
"ENSMUSG00000036957",0.414527077644905,0.141519269817065
"ENSMUSG00000036845",0.115074660490949,0.243783492074735
"ENSMUSG00000006315",0.56740062689412,0.129333061425675
"ENSMUSG00000036634",0.505818617268982,0.0935837675165894
"ENSMUSG00000036570",0.517850739304663,0.182206397620561
"ENSMUSG00000036427",0.35393664603991,0.0850067629134924
"ENSMUSG00000096990",0.276628197540843,0.854628000625947
"ENSMUSG00000074165",0.118949678567626,-0.263723428975429
"ENSMUSG00000030731",0.375119102079185,0.22653869743234
"ENSMUSG00000047085",0.236598720598372,0.136997037383305
"ENSMUSG00000002204",0.117205499276705,0.911790123509465
"ENSMUSG00000011096",0.117334156792878,0.145133106040021
"ENSMUSG00000003421",0.152276561808202,0.213045318005599
"ENSMUSG00000003872",0.17478050536483,0.172412138217279
"ENSMUSG00000003873",0.115645121922185,0.236894330653781
"ENSMUSG00000055978",0.249935737692154,0.644428259654645
"ENSMUSG00000003273",0.0279640935266655,0.214553465556402
"ENSMUSG00000059070",0.289803989640033,0.219378256573053
"ENSMUSG00000110020",0.857281758390737,-0.0287952030249373
"ENSMUSG00000010307",0.483491202454329,0.133007245020462
"ENSMUSG00000109222",0.0290813824881371,0.63384750117302
"ENSMUSG00000108917",0.969680401291351,0.0103185259195852
"ENSMUSG00000030512",0.147816006363738,0.24548689893516
"ENSMUSG00000030509",0.708848274212545,-0.052681917034684
"ENSMUSG00000108530",0.333895309970565,-0.461600761393811
"ENSMUSG00000030609",0.625941649117447,-0.0398559921134854
"ENSMUSG00000108776",0.193644524025146,-0.780210152106728
"ENSMUSG00000030539",0.745397291691413,0.0280629668218607
"ENSMUSG00000045467",0.913179666111339,-0.0580023875809339
"ENSMUSG00000025102",0.436023863701913,0.14240170837953
"ENSMUSG00000011154",0.626339133704997,0.213927055289178
"ENSMUSG00000070462",0.986733292319679,0.0017747125860052
"ENSMUSG00000049583",0.136590204323448,-0.247440178551804
"ENSMUSG00000092071",0.351553675384648,0.399164879160976
"ENSMUSG00000097585",0.654081046048799,0.169135690007243
"ENSMUSG00000109320",0.642211347744586,-0.349967858089209
"ENSMUSG00000109382",0.429803397274824,0.406708735131953
"ENSMUSG00000030643",0.40522912505806,-0.119484740386338
"ENSMUSG00000087412",0.614803856089582,0.231633004785126
"ENSMUSG00000035704",0.390811771889698,-0.13880721036697
"ENSMUSG00000025133",0.953047909014298,-0.00456529038977373
"ENSMUSG00000030761",0.55841651474913,0.104547466536395
"ENSMUSG00000035401",0.857533000169701,-0.019305261405875
"ENSMUSG00000035354",0.617849886612742,0.0653221689164346
"ENSMUSG00000035298",0.380712212084778,0.316446370610179
"ENSMUSG00000099137",0.31905076654928,0.373982776344721
"ENSMUSG00000008318",0.182655571046876,0.171861393999889
"ENSMUSG00000073982",0.517349719368849,0.156525946927187
"ENSMUSG00000037060",0.393098709081537,0.159472857640105
"ENSMUSG00000043866",0.210995376031083,0.180450404963141
"ENSMUSG00000055116",0.329251413580485,-0.141136020852763
"ENSMUSG00000100153",0.648934115774688,0.0860622177200276
"ENSMUSG00000097343",0.140547011657945,0.335299273352152
"ENSMUSG00000046096",0.467887782532602,-0.169754730216624
"ENSMUSG00000042978",0.273203713734065,0.16528298830396
"ENSMUSG00000095334",0.330326844957794,-0.354561797010396
"ENSMUSG00000030678",0.30127572087361,0.183012278215107
"ENSMUSG00000054716",0.156707041898716,0.393546684783998
"ENSMUSG00000030830",0.341180537427246,-0.576852762096379
"ENSMUSG00000045251",0.113083384257338,0.403700735406003
"ENSMUSG00000057176",0.816161147674088,0.0510183535163482
"ENSMUSG00000030816",0.263257504260138,0.0900069974967789
"ENSMUSG00000030814",0.505026677999016,0.127562663915697
"ENSMUSG00000030785",0.195589529216955,0.350460113227863
"ENSMUSG00000042178",0.484674621570344,0.168556885615784
"ENSMUSG00000040298",0.0944068998427434,1.01592592329546
"ENSMUSG00000053111",0.0935154960429689,0.221800074715104
"ENSMUSG00000041309",0.237098801633165,0.345743049298265
"ENSMUSG00000073795",0.21376941272403,0.481503160112111
"ENSMUSG00000025468",0.375250539046375,0.170188314885008
"ENSMUSG00000038489",0.384961453433339,0.305228726161715
"ENSMUSG00000031074",0.434456174938953,0.256412656664978
"ENSMUSG00000019774",0.183974044586746,-0.228077142995936
"ENSMUSG00000019790",0.417522107790087,-0.165923620214024
"ENSMUSG00000050994",0.19383606646355,-0.313335665948552
"ENSMUSG00000019832",0.0485580249436916,-0.8034123789463
"ENSMUSG00000090112",0.282149335465254,-0.190541055303129
"ENSMUSG00000078348",0.159353056141566,0.285687333878772
"ENSMUSG00000019865",0.710655484944333,0.174688076078072
"ENSMUSG00000078453",0.17159506371662,-0.153393443614487
"ENSMUSG00000059554",0.64174839017905,0.0565262285442595
"ENSMUSG00000037608",0.297305086801886,-0.132107730592698
"ENSMUSG00000039031",0.638858404107474,-0.109650891023274
"ENSMUSG00000019789",0.42427738963608,-0.170083166985057
"ENSMUSG00000038481",0.185489724181099,-0.255854897698315
"ENSMUSG00000046922",0.638917017645947,0.0744583178277816
"ENSMUSG00000038280",0.0222558359386575,-0.193320916128383
"ENSMUSG00000019802",0.337298266015458,-0.13935187387192
"ENSMUSG00000110841",0.326384748817897,0.274212317475956
"ENSMUSG00000019861",0.456237921035325,-0.133582174054225
"ENSMUSG00000003746",0.386852567634193,-0.255151342374496
"ENSMUSG00000038122",0.469098799793644,-0.169090999676253
"ENSMUSG00000038039",0.447422868059282,-0.128120251211993
"ENSMUSG00000037151",0.933419362104033,0.00600846191921568
"ENSMUSG00000020089",0.367013141309567,-0.08618405937215
"ENSMUSG00000020075",0.143673615525391,-0.192638116000671
"ENSMUSG00000052613",0.235940455715708,-0.20284951272974
"ENSMUSG00000001665",0.752792419695531,-0.075230439285636
"ENSMUSG00000033307",0.199241256626845,0.270029247598447
"ENSMUSG00000000290",0.0468697991876104,-0.66694504290278
"ENSMUSG00000020308",0.255376819379043,0.302900565671368
"ENSMUSG00000020327",0.00854730098153211,0.668745494614301
"ENSMUSG00000035863",0.619472376764354,0.051656563479952
"ENSMUSG00000045193",0.249257329400057,0.342058680818604
"ENSMUSG00000020153",0.223657961804363,0.299458677898751
"ENSMUSG00000063457",0.336700310567398,0.306953276451601
"ENSMUSG00000020135",0.199412733219709,0.0984980225594007
"ENSMUSG00000035504",0.177990227260914,0.116972128957707
"ENSMUSG00000003346",0.16782743768908,0.215011003327268
"ENSMUSG00000003344",0.54315888779131,0.0817229336577581
"ENSMUSG00000035278",0.160135111437064,0.234350987917763
"ENSMUSG00000020211",0.543769370303779,0.0922775208145706
"ENSMUSG00000035242",0.134159692422823,0.181131724871354
"ENSMUSG00000020219",0.244230752235665,0.346974819328026
"ENSMUSG00000004937",0.479481912681289,0.0923924879732405
"ENSMUSG00000004929",0.303110476291132,0.170109723891596
"ENSMUSG00000035027",0.387791423393827,0.176277198076658
"ENSMUSG00000034974",0.444821867651355,0.159682970186527
"ENSMUSG00000020232",0.121777541904351,0.375701987531084
"ENSMUSG00000034854",0.278458909139379,0.159103251108496
"ENSMUSG00000078440",0.278209982601646,0.148689342453038
"ENSMUSG00000020238",0.301271007123498,0.152505912095572
"ENSMUSG00000044199",0.277330281978324,0.806523890136833
"ENSMUSG00000054452",0.3291191909777,0.229217433093176
"ENSMUSG00000035620",0.684290906639253,-0.0655387680140352
"ENSMUSG00000036499",0.214743982877328,-0.183823762288433
"ENSMUSG00000019943",0.0286178508970768,-0.205509422967734
"ENSMUSG00000036019",0.0181141283019997,0.234929185617009
"ENSMUSG00000036009",0.911646669379193,-0.0255791345022015
"ENSMUSG00000020189",0.444697886973565,-0.234261006728726
"ENSMUSG00000050663",0.523504690568517,-0.114948154648743
"ENSMUSG00000020137",0.319630397941643,-0.333387101959667
"ENSMUSG00000020151",0.850411113941723,0.0104536108486846
"ENSMUSG00000020124",0.428454123485959,-0.184156830650818
"ENSMUSG00000020102",0.22840633473063,-0.28842616397807
"ENSMUSG00000040521",0.357252460592518,0.189469246013382
"ENSMUSG00000006732",0.588286364644138,0.0949511922001202
"ENSMUSG00000039810",0.508143745767519,0.0534876532835596
"ENSMUSG00000090247",0.459529161885939,0.251279797881934
"ENSMUSG00000019470",0.195067826270908,0.216505595426677
"ENSMUSG00000040028",0.126237250296328,-0.264225179366055
"ENSMUSG00000038515",0.124135398911128,0.375363103351793
"ENSMUSG00000055675",0.217045200290833,-0.123983932446046
"ENSMUSG00000031465",0.874958048237134,-0.0243756637534725
"ENSMUSG00000071796",0.365254203338097,-0.305566361900832
"ENSMUSG00000061313",0.611606146235038,0.0729194184936156
"ENSMUSG00000037296",0.291060502608617,0.10856271043993
"ENSMUSG00000031516",0.275563202611475,0.0541055545289701
"ENSMUSG00000097257",0.356223577121064,0.378744491542948
"ENSMUSG00000031601",0.385794779956418,-0.201426921436922
"ENSMUSG00000031591",0.255068745847267,-0.25677494669386
"ENSMUSG00000031631",0.12174101495505,-0.109179293272139
"ENSMUSG00000038206",0.149026136242746,-0.150860659977184
"ENSMUSG00000004319",0.357990986312611,-0.16641640472672
"ENSMUSG00000031642",0.815471049263252,-0.0435600960496117
"ENSMUSG00000091764",0.756607988531112,0.110247116260133
"ENSMUSG00000036199",0.335266286325429,0.2367275173785
"ENSMUSG00000011306",0.113314186269018,0.243248149815574
"ENSMUSG00000002343",0.311241890754484,0.1419664214928
"ENSMUSG00000055681",0.129196513206112,0.160654790563246
"ENSMUSG00000090137",0.317702086335205,0.195158365380612
"ENSMUSG00000055553",0.312464539201008,0.189961999924861
"ENSMUSG00000070003",0.135991606303019,0.228209692364147
"ENSMUSG00000071076",0.374783283892548,0.189532607155886
"ENSMUSG00000031834",0.0931106129227837,0.11927770820196
"ENSMUSG00000019261",0.0951744542507863,0.220425173015773
"ENSMUSG00000002393",0.148533057966068,0.188835669500131
"ENSMUSG00000034845",0.183187030154606,0.302628428094865
"ENSMUSG00000031813",0.358556965859887,0.296532997169968
"ENSMUSG00000110529",0.196277925234443,0.407143220541408
"ENSMUSG00000097472",0.186435564008496,1.0916747696008
"ENSMUSG00000003033",0.0482704677542464,0.21551531217133
"ENSMUSG00000058355",0.628686282033942,-0.0931028611273873
"ENSMUSG00000052456",0.22022053008182,0.131976398791018
"ENSMUSG00000041203",0.194747314906072,0.295263102813777
"ENSMUSG00000005150",0.251468336042218,0.23715589910323
"ENSMUSG00000036872",0.0213397200802602,0.936077255516793
"ENSMUSG00000031657",0.660107414198559,0.029673981615201
"ENSMUSG00000109956",0.395888339191151,-0.180701179068915
"ENSMUSG00000109642",0.663975906962979,0.293550770759964
"ENSMUSG00000031760",0.32392238447304,0.312695166162998
"ENSMUSG00000031770",0.941435301008329,0.00597149136704086
"ENSMUSG00000031776",0.878667680829801,0.00980079079175533
"ENSMUSG00000031775",0.442114032497161,0.171076834871047
"ENSMUSG00000031783",0.299521874685339,0.0812144309470671
"ENSMUSG00000040631",0.638697178383052,0.0568796257462052
"ENSMUSG00000031790",0.292171355324855,0.11822370745496
"ENSMUSG00000102593",0.828602843758636,0.0844794082059889
"ENSMUSG00000050357",0.190030321638325,0.198641815254631
"ENSMUSG00000044287",0.451807141984879,0.251988118219089
"ENSMUSG00000061048",0.668807796569305,-0.220821325679852
"ENSMUSG00000031917",0.367674478397729,0.071951553516298
"ENSMUSG00000031924",0.23849800581441,-0.072327051424239
"ENSMUSG00000031930",0.455075071183754,0.105135003105222
"ENSMUSG00000104292",0.245282048925387,1.138908879058
"ENSMUSG00000031728",0.330115546816953,0.219680822826519
"ENSMUSG00000046441",0.351941354932493,-0.115391195776602
"ENSMUSG00000031949",0.144823712084082,0.340199422721447
"ENSMUSG00000031847",0.716964414926464,-0.0741662676153705
"ENSMUSG00000034308",0.884788800420201,-0.0194050511377485
"ENSMUSG00000043687",0.742878385922598,-0.0857811820796745
"ENSMUSG00000031818",0.26618781083444,0.243730045774645
"ENSMUSG00000093682",0.577032131690802,-0.177118085914252
"ENSMUSG00000110656",0.856464745317599,0.065196399746558
"ENSMUSG00000000740",0.453463406298751,0.193783919966712
"ENSMUSG00000062380",0.281864579963379,0.0567635222957616
"ENSMUSG00000001482",0.180496037177018,0.108060456967424
"ENSMUSG00000085030",0.805690729780916,0.0403702470215191
"ENSMUSG00000031972",0.441739674542895,0.165128096353337
"ENSMUSG00000043051",0.495097889488192,0.23103330982723
"ENSMUSG00000057060",0.765897045362536,0.0657090948053796
"ENSMUSG00000025812",0.251759631199959,0.140597235761251
"ENSMUSG00000092167",0.230242068389496,-0.41197107016469
"ENSMUSG00000017491",0.925178842628936,0.0191842257860389
"ENSMUSG00000021775",0.348567966948843,-0.223842914695255
"ENSMUSG00000021809",0.371773247883477,0.140916904722842
"ENSMUSG00000049960",0.293441764789064,0.197694610970682
"ENSMUSG00000021820",0.432061936888449,0.0487672159120671
"ENSMUSG00000021770",0.446215357112407,-0.132981977026723
"ENSMUSG00000046753",0.525299242222794,-0.0847085151527645
"ENSMUSG00000021957",0.211250337240269,0.189789807836069
"ENSMUSG00000006527",0.288931072308873,-0.123539618823611
"ENSMUSG00000042354",0.534533743319443,-0.0690816914423238
"ENSMUSG00000021911",0.871674302951085,0.0247664579250255
"ENSMUSG00000021913",0.595051151764922,0.0453291614337457
"ENSMUSG00000050666",0.0869774505422799,0.321317619817904
"ENSMUSG00000041408",0.402574275060077,-0.102225597178704
"ENSMUSG00000058690",0.162696080226008,-0.193208803291916
"ENSMUSG00000041028",0.179507717628885,-0.152726044016777
"ENSMUSG00000062014",0.183318946418575,-0.300168693138137
"ENSMUSG00000021840",0.189148482290552,-0.32941058211625
"ENSMUSG00000036339",0.358007368886973,-0.110349470818431
"ENSMUSG00000006289",0.262807217385612,0.196191038284379
"ENSMUSG00000022160",0.979982635775957,0.00223294601814876
"ENSMUSG00000022193",0.188609300130132,0.175606377893921
"ENSMUSG00000022199",0.0904065597068038,0.189261715311274
"ENSMUSG00000045691",0.260271897366801,0.122916213974837
"ENSMUSG00000022217",0.170777970086357,0.345960766668766
"ENSMUSG00000002319",0.204240762720266,0.0888749394278926
"ENSMUSG00000022223",0.56319529031814,0.0872564733204013
"ENSMUSG00000021965",0.355340587602027,-0.280695700894737
"ENSMUSG00000021987",0.339152919902397,-0.210376057295439
"ENSMUSG00000021958",0.29330314854562,0.256924343391312
"ENSMUSG00000054733",0.863945468403737,-0.0298426821337701
"ENSMUSG00000034194",0.275975624934208,0.23095676161332
"ENSMUSG00000022090",0.220123684680123,0.275404629187643
"ENSMUSG00000045211",0.955271683011283,-0.0128943614402254
"ENSMUSG00000034997",0.528486487149417,-0.341424951219793
"ENSMUSG00000021998",0.366846810443312,-0.215952976440878
"ENSMUSG00000052584",0.330662381009138,0.185765293910169
"ENSMUSG00000022016",0.354358493155608,-0.233881746204768
"ENSMUSG00000022020",0.187196931400465,-0.316019950072645
"ENSMUSG00000022111",0.689587612001715,-0.0553369458632741
"ENSMUSG00000022124",0.514983268997637,-0.120632745227428
"ENSMUSG00000022120",0.0729470129700999,-0.34070947428698
"ENSMUSG00000025899",0.181543470657467,-0.276886157214177
"ENSMUSG00000025887",0.142275902986743,1.02111258011125
"ENSMUSG00000032006",0.129245241627373,-0.409892414879958
"ENSMUSG00000074516",0.477091095109949,0.187265609091543
"ENSMUSG00000032000",0.435671541441396,-0.430499059512465
"ENSMUSG00000032009",0.201329249722332,-0.259991223020654
"ENSMUSG00000031927",0.904812988483799,0.0276215221625874
"ENSMUSG00000031932",0.367085164788729,-0.0848672695534131
"ENSMUSG00000043943",0.103410902406781,-0.786576799532128
"ENSMUSG00000057551",0.323551807414591,-0.155421398863572
"ENSMUSG00000060510",0.370335341584606,-0.218024914373538
"ENSMUSG00000058192",0.683364215180611,-0.0722633828399823
"ENSMUSG00000032174",0.417533803601092,0.0918267964026028
"ENSMUSG00000097439",0.168387806687946,-0.426731494202532
"ENSMUSG00000057193",0.461269543747554,0.0542235369408927
"ENSMUSG00000006241",0.21849423358311,0.25395045205282
"ENSMUSG00000006235",0.101629263866038,0.438391050647967
"ENSMUSG00000001833",0.394644224522551,-0.124257064634814
"ENSMUSG00000032033",0.581248969738634,0.1121813826325
"ENSMUSG00000035934",0.936367091226406,-0.00642974015861543
"ENSMUSG00000053310",0.401959214492047,0.143522746454167
"ENSMUSG00000049281",0.385591959287474,-0.140584227146248
"ENSMUSG00000100837",0.22067558147878,0.658332861694325
"ENSMUSG00000032105",0.2622100187608,0.242014700049976
"ENSMUSG00000049932",0.310450214349856,0.211778248648309
"ENSMUSG00000060380",0.274799760717718,0.191753769759498
"ENSMUSG00000032096",0.472149339962344,-0.12181939649689
"ENSMUSG00000070305",0.771764409082181,-0.071669675652154
"ENSMUSG00000042790",0.652284069413666,-0.0565615588404908
"ENSMUSG00000111329",0.141489131390075,0.682626406297234
"ENSMUSG00000032064",0.461574645981115,-0.158880311329569
"ENSMUSG00000037971",0.121598619191803,0.173102976173083
"ENSMUSG00000034487",0.885562092565803,0.0483073251559975
"ENSMUSG00000034218",0.327739187807098,-0.340579713602007
"ENSMUSG00000074345",0.741379082655428,-0.0954841055358154
"ENSMUSG00000037493",0.094410917288239,0.356527274346214
"ENSMUSG00000061559",0.264209262251119,0.0915037890678869
"ENSMUSG00000032293",0.677714605435383,-0.102676656904815
"ENSMUSG00000035594",0.721667388308979,-0.114879473148133
"ENSMUSG00000032307",0.175984757150142,-0.143681148320488
"ENSMUSG00000032311",0.479364073351737,0.18418521562837
"ENSMUSG00000042557",0.127618405330034,-0.265038059691728
"ENSMUSG00000032333",0.374265430818935,0.127990729996882
"ENSMUSG00000032338",0.365790060663252,-0.143556805285376
"ENSMUSG00000025234",0.418333438543104,-0.158418238598225
"ENSMUSG00000095868",0.030752584863597,1.11254951402845
"ENSMUSG00000032388",0.621826300301217,0.0576138674668956
"ENSMUSG00000055125",0.60366526897196,0.178971845160775
"ENSMUSG00000054693",0.179452543484351,-0.334483136610246
"ENSMUSG00000104467",0.31601395550879,-1.08661151132512
"ENSMUSG00000032228",0.120200990338731,-0.264766016660059
"ENSMUSG00000104432",0.765200108212092,-0.164759205204407
"ENSMUSG00000111348",0.962090475334738,-0.00881087568847885
"ENSMUSG00000110824",0.38533018465916,-0.478263972390594
"ENSMUSG00000032186",0.339397488070765,-0.230448053585525
"ENSMUSG00000007908",0.4524307453034,-0.124152765025567
"ENSMUSG00000034252",0.223679038179439,-0.154613360861341
"ENSMUSG00000033577",0.0780993936813779,-0.147331515992201
"ENSMUSG00000049511",0.284162580301872,-0.290253231980284
"ENSMUSG00000032417",0.162346740419123,0.218538667446138
"ENSMUSG00000032872",0.914410992474585,0.01317850332277
"ENSMUSG00000032422",0.782937467811423,0.0516574007708981
"ENSMUSG00000101335",0.458206928822168,-0.452299493287028
"ENSMUSG00000046997",0.636864733139537,0.0797600049620437
"ENSMUSG00000032527",0.468206494185993,0.108801282186322
"ENSMUSG00000032553",0.835432428264556,-0.0129386138182491
"ENSMUSG00000032570",0.286783907332525,-0.274023531092973
"ENSMUSG00000032572",0.0295491217244346,0.489490770037313
"ENSMUSG00000020257",0.730835761263407,-0.0462790832281516
"ENSMUSG00000023277",0.0792333713253171,0.239367977103531
"ENSMUSG00000042210",0.25452650572285,0.195742710239718
"ENSMUSG00000091735",0.362999610286281,0.220637503816927
"ENSMUSG00000041506",0.144808035495036,0.249548556031224
"ENSMUSG00000023192",0.419156520928222,-0.0522678066573125
"ENSMUSG00000040813",0.408252470186974,0.108041811171338
"ENSMUSG00000037977",0.866325576555184,-0.0574751759516277
"ENSMUSG00000079334",0.268601208027768,0.160991592667199
"ENSMUSG00000032604",0.72397385222996,0.0249291138445666
"ENSMUSG00000062867",0.215336112210289,0.132956213703405
"ENSMUSG00000006675",0.321224194741746,0.112328142566594
"ENSMUSG00000025651",0.206836649910313,0.22304457378213
"ENSMUSG00000025646",0.995813026048102,0.00181318024515419
"ENSMUSG00000044037",0.836692538990943,0.0314789527648831
"ENSMUSG00000046785",0.476060473209792,-0.176038119126596
"ENSMUSG00000087038",0.656006666714872,0.103153180681384
"ENSMUSG00000041012",0.770928337592596,0.073343349994218
"ENSMUSG00000032437",0.406277310473378,-0.181531269428984
"ENSMUSG00000039285",0.45475041836322,-0.160335352361043
"ENSMUSG00000039115",0.897163661087466,0.0245219487498387
"ENSMUSG00000041608",0.973739433364467,-0.00427882903607747
"ENSMUSG00000032532",0.804631317806019,0.0352659457155349
"ENSMUSG00000032526",0.236271273860772,0.206496856994349
"ENSMUSG00000013419",0.0205126566475656,0.150822282267917
"ENSMUSG00000111837",0.350349061241511,0.503673854047539
"ENSMUSG00000025245",0.707251006604133,-0.0725716413977902
"ENSMUSG00000110834",0.56371913504007,-0.1976203536248
"ENSMUSG00000048807",0.192640903470085,0.178482845206778
"ENSMUSG00000049721",0.454004493573454,0.190870163771629
"ENSMUSG00000002129",0.548851842809164,-0.0371348875413367
"ENSMUSG00000009076",0.28390617607143,0.161857288195907
"ENSMUSG00000020477",0.658641237194912,0.093234118331366
"ENSMUSG00000020475",0.253050902141396,0.335936076313445
"ENSMUSG00000002741",0.925191275764563,-0.00497055032953498
"ENSMUSG00000004393",0.510298206064447,0.0782923165381016
"ENSMUSG00000000384",0.10703139913013,0.127072008192133
"ENSMUSG00000041046",0.303009404382524,0.26299307866815
"ENSMUSG00000078965",0.980135348455893,0.0101181222124304
"ENSMUSG00000085415",0.34458685719189,0.5846740035429
"ENSMUSG00000040919",0.390018718797611,0.684385814438973
"ENSMUSG00000087501",0.635249163105333,0.31579856947066
"ENSMUSG00000040594",0.384929657159497,0.154696727317477
"ENSMUSG00000051062",0.326259233858367,0.178023046119968
"ENSMUSG00000006169",0.735970580724963,-0.072789511293389
"ENSMUSG00000046311",0.396783988105942,-0.175466882720043
"ENSMUSG00000020362",0.192020549854324,-0.28163297549044
"ENSMUSG00000044894",0.308324188949931,0.25993343593036
"ENSMUSG00000020388",0.469325051429209,0.163066248117908
"ENSMUSG00000035992",0.181325168057247,-0.3498361098203
"ENSMUSG00000043448",0.441759899648138,0.194987737423028
"ENSMUSG00000043648",0.132787917789398,0.808908947779109
"ENSMUSG00000020538",0.139896745578493,0.219654285460008
"ENSMUSG00000018599",0.0703312054143014,0.284000245655888
"ENSMUSG00000010122",0.77452512939717,-0.0748012934148748
"ENSMUSG00000014243",0.273656829601147,0.209786063620666
"ENSMUSG00000020901",0.415269914159001,-0.208105379791983
"ENSMUSG00000018765",0.017480348986745,0.110557808284197
"ENSMUSG00000070394",0.326897254587237,0.290034476930574
"ENSMUSG00000105100",0.113321627917174,0.609645059664937
"ENSMUSG00000018920",0.193079042992349,0.43693038283855
"ENSMUSG00000040746",0.862089188607686,0.0241061499926647
"ENSMUSG00000018293",0.364955932205328,0.118730677154958
"ENSMUSG00000020821",0.307837288907859,0.0606424713991929
"ENSMUSG00000043602",0.377514274953773,0.131280004387397
"ENSMUSG00000005950",0.0374252053009986,-0.648329921023755
"ENSMUSG00000077493",0.828199839417375,-0.11357735835031
"ENSMUSG00000045374",0.378088014489658,0.111221434029029
"ENSMUSG00000017776",0.522770213164128,-0.155821798434381
"ENSMUSG00000020841",0.111417777669016,-0.3115858782681
"ENSMUSG00000017386",0.385453881013312,0.277416033175614
"ENSMUSG00000044122",0.717752080641406,0.0863302498160184
"ENSMUSG00000057181",0.790146177459653,-0.0446145452411773
"ENSMUSG00000046010",0.287134390780487,-0.136785264735563
"ENSMUSG00000035085",0.210463008187902,0.629555926422999
"ENSMUSG00000000976",0.374221234820518,0.133940845370442
"ENSMUSG00000018481",0.181461218629766,-0.317350507150939
"ENSMUSG00000047126",0.256594426667261,-0.234408383748839
"ENSMUSG00000020495",0.158829268188399,0.144407522379572
"ENSMUSG00000076435",0.354468599758223,-0.245794050325486
"ENSMUSG00000001506",0.489964563339995,-0.27579578817945
"ENSMUSG00000038967",0.562828890570998,0.0682123553732779
"ENSMUSG00000018381",0.301635027956737,0.216409809921608
"ENSMUSG00000006057",0.25942820231595,0.247030688144932
"ENSMUSG00000018669",0.236576677608723,0.249239459159761
"ENSMUSG00000001444",0.220390926570248,-0.599439418067253
"ENSMUSG00000069744",0.655788739913671,0.0797567424985153
"ENSMUSG00000020912",0.56622607841535,0.109124673494097
"ENSMUSG00000006782",0.673442574137602,0.0608585950119868
"ENSMUSG00000019302",0.744846222837663,0.0160761647526189
"ENSMUSG00000001313",0.306910781106261,0.194689670272181
"ENSMUSG00000010362",0.405842502853006,0.276736147947825
"ENSMUSG00000034773",0.405291757966384,0.169772093989535
"ENSMUSG00000006575",0.301242339016063,0.135366615539552
"ENSMUSG00000034685",0.198792564780855,0.1909373048295
"ENSMUSG00000056938",0.333217896306028,0.218977212772649
"ENSMUSG00000046215",0.258971119927187,0.233536270770526
"ENSMUSG00000040838",0.143808998046385,-1.19318481637101
"ENSMUSG00000020705",0.130772343678493,-0.108695185403921
"ENSMUSG00000020717",0.292419625781964,-0.160524050122398
"ENSMUSG00000078607",0.903313181642049,0.0297188890336315
"ENSMUSG00000041920",0.582696570306759,-0.0584730746210391
"ENSMUSG00000000202",0.556709744816811,0.10663616551268
"ENSMUSG00000020733",0.875239491875409,0.0104492244147348
"ENSMUSG00000045288",0.0539861098566904,-0.870499629595433
"ENSMUSG00000020782",0.52842398058097,0.127571491805341
"ENSMUSG00000020775",0.256813737783986,0.224086209796742
"ENSMUSG00000017718",0.594174747314448,0.176036032459258
"ENSMUSG00000025575",0.113364693720521,0.205045450297643
"ENSMUSG00000078572",0.216151913124057,0.40922009610845
"ENSMUSG00000085501",0.585575019682462,0.216835523530648
"ENSMUSG00000061111",0.414413371480064,0.159463464874098
"ENSMUSG00000025142",0.226174598175908,0.287298245128226
"ENSMUSG00000018012",0.301105351038948,0.207114534191147
"ENSMUSG00000025158",0.233274490783008,0.203964174849372
"ENSMUSG00000000056",0.791035286517813,-0.0572848733324725
"ENSMUSG00000000078",0.0707038677940593,0.142885552839253
"ENSMUSG00000021319",0.0478322389218464,0.784973945234636
"ENSMUSG00000021368",0.316046969950084,0.128440990628164
"ENSMUSG00000000253",0.641792951150307,0.103530081435656
"ENSMUSG00000069237",0.285007299954632,-0.196823888638631
"ENSMUSG00000021374",0.222443747671554,-0.40034339956397
"ENSMUSG00000037960",0.552771049150702,0.141142460736704
"ENSMUSG00000043631",0.394267320188378,-0.204513308148747
"ENSMUSG00000021453",0.15870905737178,0.548093666842593
"ENSMUSG00000021478",0.132727460940557,-0.280218046241111
"ENSMUSG00000025870",0.77686924242239,0.0855910233258965
"ENSMUSG00000034891",0.16785078238767,0.210623228419177
"ENSMUSG00000058569",0.29708668555849,0.121333730044963
"ENSMUSG00000045767",0.552177074594171,-0.137750739736941
"ENSMUSG00000021482",0.801996343942596,-0.0763829481068591
"ENSMUSG00000078994",0.364263744781187,0.356295297226427
"ENSMUSG00000097276",0.631368294850551,-0.128666341976819
"ENSMUSG00000021594",0.239072374155563,-0.166186975366541
"ENSMUSG00000021607",0.569481634175946,0.0808406523735185
"ENSMUSG00000021567",0.538902862315366,-0.100444017744687
"ENSMUSG00000069184",0.328582916181083,0.575998386023072
"ENSMUSG00000051098",0.462386420746451,-0.115884618441203
"ENSMUSG00000097292",0.310849537302191,-0.523027847386698
"ENSMUSG00000035762",0.106485410013648,-0.226518056679718
"ENSMUSG00000089940",0.731441911041697,-0.180541231298386
"ENSMUSG00000042167",0.781903606112201,-0.0378592316739395
"ENSMUSG00000007617",0.413088367268532,-0.285768164350083
"ENSMUSG00000021638",0.203109186713159,-0.262810437642919
"ENSMUSG00000045273",0.686926801121508,0.156277687258989
"ENSMUSG00000021719",0.116301300071192,-0.145341301038828
"ENSMUSG00000021756",0.468781195262672,-0.150314111335999
"ENSMUSG00000021760",0.245405455786997,-0.327123261038963
"ENSMUSG00000015536",0.0638072483242718,0.107208442105532
"ENSMUSG00000042275",0.51224787930949,0.0968124581111113
"ENSMUSG00000021725",0.662239387136295,0.0924620694794454
"ENSMUSG00000091423",0.588921848125876,0.215644943382725
"ENSMUSG00000020594",0.18930984543678,-0.235446504799789
"ENSMUSG00000020576",0.369556034002669,-0.0696296772300901
"ENSMUSG00000109975",0.0922685064238624,0.420781662979349
"ENSMUSG00000036655",0.269922209745218,0.388889264906568
"ENSMUSG00000002900",0.273550894502053,0.101928398940361
"ENSMUSG00000020651",0.447838997136478,0.241548703710261
"ENSMUSG00000020572",0.107139149604991,-0.355684940289192
"ENSMUSG00000035860",0.951925691522842,-0.0138292199425403
"ENSMUSG00000036095",0.344179569165252,-0.284078371166068
"ENSMUSG00000004151",0.125390574146228,-0.183088201096581
"ENSMUSG00000001627",0.480110177786705,-0.103608228595585
"ENSMUSG00000056899",0.96197057982598,-0.0106668359653668
"ENSMUSG00000091277",0.268898727465944,0.467565941097534
"ENSMUSG00000035181",0.863154341810853,-0.0417772124380583
"ENSMUSG00000044408",0.102248473662867,-0.317543300202771
"ENSMUSG00000079104",0.323852164200197,-0.353550095915613
"ENSMUSG00000045930",0.385298408751859,0.199720489375564
"ENSMUSG00000035614",0.27106477815769,-0.376073827190197
"ENSMUSG00000021108",0.438480783240407,0.121885748511794
"ENSMUSG00000052221",0.655309926051352,0.124015207339444
"ENSMUSG00000021120",0.567668945694309,0.204365161356091
"ENSMUSG00000079055",0.842888809937866,-0.0134819144388852
"ENSMUSG00000072974",0.883188796296468,-0.0529482293279721
"ENSMUSG00000021250",0.368367286411305,0.242587798922129
"ENSMUSG00000034271",0.266630966480739,0.146333744583874
"ENSMUSG00000012609",0.568842860144232,0.0485809921384649
"ENSMUSG00000007867",0.229488547693559,0.175911269644139
"ENSMUSG00000007682",0.487991338066803,-0.17180143475671
"ENSMUSG00000096753",0.234791003874408,0.330176424526789
"ENSMUSG00000021203",0.498844901603516,0.0698265128909558
"ENSMUSG00000094910",0.221810121387271,-0.107851977168624
"ENSMUSG00000096942",0.40853211000106,-0.212426199510031
"ENSMUSG00000021278",0.31021637575068,0.312718202983824
"ENSMUSG00000021281",0.852589558502534,0.0336217437985676
"ENSMUSG00000042029",0.684807462901397,0.131986270350432
"ENSMUSG00000041935",0.289377107417848,-0.277888909886497
"ENSMUSG00000022151",0.18964906757068,-0.162092811726638
"ENSMUSG00000022141",0.418290849314758,-0.149614142375492
"ENSMUSG00000085442",0.526036876680831,0.420016639932022
"ENSMUSG00000037465",0.0667786465184352,-0.505878658670239
"ENSMUSG00000022342",0.56991189671141,-0.140469308364942
"ENSMUSG00000037343",0.823956374813872,-0.0448516789194285
"ENSMUSG00000022378",0.0920084362037642,-0.208930485865901
"ENSMUSG00000015002",0.367278119716278,-0.0942328883206738
"ENSMUSG00000022335",0.13662716136834,0.149587770503292
"ENSMUSG00000056665",0.31350896533524,0.218152353627421
"ENSMUSG00000022577",0.181497085108934,0.225015265205257
"ENSMUSG00000022561",0.266934352496536,0.145211510925309
"ENSMUSG00000022551",0.123233518710048,0.18582328949488
"ENSMUSG00000034161",0.0437617358973025,0.858905757832094
"ENSMUSG00000022560",0.399181929557619,0.175000728493662
"ENSMUSG00000063354",0.453239817009549,0.313414477504467
"ENSMUSG00000059323",0.193204714699194,0.209299621345188
"ENSMUSG00000033819",0.198159308142413,0.153443699753159
"ENSMUSG00000033728",0.508553183962792,0.0603059561154037
"ENSMUSG00000097267",0.458983945407419,0.68797171012268
"ENSMUSG00000022436",0.798476467636504,0.0189656770203796
"ENSMUSG00000096210",0.323708573906823,0.0852777828455124
"ENSMUSG00000075555",0.611890712876374,0.188235830430238
"ENSMUSG00000068206",0.129795566250095,0.246610893722203
"ENSMUSG00000032988",0.0439659706881254,0.591379925307073
"ENSMUSG00000042535",0.177621239724962,0.104651285293018
"ENSMUSG00000047888",0.141200818187845,-0.117282463043544
"ENSMUSG00000050164",0.897947892485196,-0.0130087714570285
"ENSMUSG00000016757",0.61051664877672,-0.0583021930530493
"ENSMUSG00000054863",0.598323354919489,0.0437793493129951
"ENSMUSG00000035828",0.538769947241632,0.0875661264966161
"ENSMUSG00000058441",0.150615886615598,0.159090233902141
"ENSMUSG00000086602",0.196297259963361,0.580713669457049
"ENSMUSG00000033228",0.426719820212507,-0.104322195855675
"ENSMUSG00000022997",0.873732030307677,-0.0306183694889944
"ENSMUSG00000067713",0.468763826031432,0.0863078761979953
"ENSMUSG00000037570",0.605748047900219,0.0975370033729856
"ENSMUSG00000023017",0.154410801245953,0.118259265083391
"ENSMUSG00000023020",0.274314669773283,0.230700378893379
"ENSMUSG00000098112",0.485748290912602,0.158597084274428
"ENSMUSG00000023033",0.956830511523712,-0.00397571418459689
"ENSMUSG00000001281",0.865938211650731,0.105934836785539
"ENSMUSG00000023047",0.0626911617947283,0.855081775491505
"ENSMUSG00000062683",0.39050347848833,0.168041324236167
"ENSMUSG00000009575",0.137264080911433,-0.210381179245422
"ENSMUSG00000000552",0.36025179067572,0.207804152888414
"ENSMUSG00000022490",0.5836296963808,0.0985130783133514
"ENSMUSG00000005983",0.750534732685934,0.0771682995193639
"ENSMUSG00000005718",0.11304228055724,0.53674640711019
"ENSMUSG00000014301",0.345777490141962,0.269719027988675
"ENSMUSG00000039568",0.156606100899308,0.153124326945104
"ENSMUSG00000039427",0.478557802735896,0.158455429224559
"ENSMUSG00000008658",0.342640413838515,-0.076793911213926
"ENSMUSG00000039345",0.518658317739846,0.145170738446869
"ENSMUSG00000022507",0.339175957632357,-0.196987771421385
"ENSMUSG00000038055",0.173648910975901,0.239848798512156
"ENSMUSG00000022685",0.565546561512841,0.0587656161050604
"ENSMUSG00000022671",0.71872963660603,0.0651213177709302
"ENSMUSG00000022718",0.937610302407046,-0.016085265779805
"ENSMUSG00000051146",0.358005501078529,0.145973613458918
"ENSMUSG00000043391",0.748626820319514,-0.0394818415606726
"ENSMUSG00000022885",0.35913467310757,-0.199317925572034
"ENSMUSG00000090257",0.198181209345882,-0.835469407645907
"ENSMUSG00000022512",0.0917533213936544,-0.659820326090671
"ENSMUSG00000038127",0.234093780059675,-0.186892786341059
"ENSMUSG00000046546",0.65978106141762,0.0452470308692557
"ENSMUSG00000107002",0.191812151027076,0.260817515031037
"ENSMUSG00000083853",0.329234188323062,0.65861378964005
"ENSMUSG00000022833",0.356899661655935,0.247873625391318
"ENSMUSG00000022840",0.804180910155026,0.0155282908604297
"ENSMUSG00000022905",0.372506491111471,-0.206361074380715
"ENSMUSG00000022805",0.454388978341171,0.246873593325483
"ENSMUSG00000052013",0.687060089908245,0.169267579946543
"ENSMUSG00000092009",0.888961054198044,0.0489422000940111
"ENSMUSG00000022637",0.969737338202779,-0.0100592578939232
"ENSMUSG00000022601",0.292685327942339,-0.307845809626313
"ENSMUSG00000052917",0.17828071550761,-0.332311285117446
"ENSMUSG00000052516",0.218480058026085,-0.300857510044331
"ENSMUSG00000022973",0.175040877804068,-0.189894076386099
"ENSMUSG00000039851",0.432057679746189,-0.399081097968092
"ENSMUSG00000022897",0.407488056800041,-0.160670891134785
"ENSMUSG00000040732",0.535236326894863,0.140575055819986
"ENSMUSG00000034377",0.401602827277519,-0.136208010917382
"ENSMUSG00000094724",0.890836868439496,-0.0320572657899365
"ENSMUSG00000090069",0.715234363820959,-0.142631126840347
"ENSMUSG00000084390",0.876491990125615,0.0825374755888516
"ENSMUSG00000097049",0.705646346823525,0.0869039172253136
"ENSMUSG00000023832",0.529215265548584,-0.0517409779982337
"ENSMUSG00000046991",0.150037783378367,0.768772371892143
"ENSMUSG00000023883",0.0957706357504966,-0.224581972906834
"ENSMUSG00000067931",0.126661771239716,-0.372514229522385
"ENSMUSG00000071256",0.923152251727284,-0.0118470747304768
"ENSMUSG00000055839",0.38109523161329,0.239523224193179
"ENSMUSG00000024124",0.322801814883967,0.428360399757964
"ENSMUSG00000044533",0.363376575935631,0.0881770334083717
"ENSMUSG00000039183",0.229174425233886,0.131994391227715
"ENSMUSG00000015126",0.290136279655151,0.227766568192981
"ENSMUSG00000002280",0.316132650785495,0.150735226305718
"ENSMUSG00000025736",0.562369518011982,0.0630402912925817
"ENSMUSG00000039615",0.406132714122509,0.102537049973532
"ENSMUSG00000025732",0.227505974296717,0.305096217878852
"ENSMUSG00000025731",0.282167462186601,0.289756840795629
"ENSMUSG00000024181",0.36881665995763,0.223616983381818
"ENSMUSG00000024182",0.465478183454197,-0.0968178507040412
"ENSMUSG00000073433",0.571852399050902,0.0849636749696226
"ENSMUSG00000024191",0.311666411062609,0.145914080606465
"ENSMUSG00000024210",0.169274701049468,0.603878742651723
"ENSMUSG00000044857",0.288096704191958,0.152010651273903
"ENSMUSG00000046711",0.574884505236141,0.0648413933861534
"ENSMUSG00000024213",0.130046341976209,0.167309406278752
"ENSMUSG00000007570",0.0543332959480452,0.357954151028479
"ENSMUSG00000036196",0.264536745957292,0.268088496489998
"ENSMUSG00000048905",0.422740948740692,-0.138955743805705
"ENSMUSG00000024012",0.543821263682507,0.0539260583023419
"ENSMUSG00000054134",0.984121692237956,-0.0129000506029765
"ENSMUSG00000095325",0.496435929039009,0.108027246167316
"ENSMUSG00000053600",0.381302494887356,-0.22181028184178
"ENSMUSG00000024300",0.756844973972742,0.0698310194933246
"ENSMUSG00000041881",0.25316219263096,0.257251461934648
"ENSMUSG00000092564",0.145296958899211,0.567528324088047
"ENSMUSG00000024327",0.13898044361134,0.173025303962446
"ENSMUSG00000039656",0.0791695306383549,0.224925829733683
"ENSMUSG00000015468",0.644086198332581,0.134024833699541
"ENSMUSG00000015476",0.499363109888315,0.0939300028327573
"ENSMUSG00000007038",0.0937322117382643,0.179118945166354
"ENSMUSG00000007029",0.425238607627168,0.187536700057766
"ENSMUSG00000013766",0.34419481366255,-0.393347344130791
"ENSMUSG00000024392",0.0903559730026652,0.103249482715665
"ENSMUSG00000042419",0.159762894861429,0.474875059103548
"ENSMUSG00000059714",0.290731950860788,0.202566439005099
"ENSMUSG00000083534",0.722975445428069,0.22277746608272
"ENSMUSG00000098178",0.288259984083843,0.645001349213467
"ENSMUSG00000023961",0.398835435214088,-0.191541807263278
"ENSMUSG00000023939",0.0246796774994582,0.408085073847843
"ENSMUSG00000091742",0.472894862641983,-0.295209854989315
"ENSMUSG00000063576",0.452348513863084,0.066683081582572
"ENSMUSG00000036430",0.482575806622441,0.173088690154388
"ENSMUSG00000033475",0.437426971277417,0.177780338319064
"ENSMUSG00000079444",0.273735901422174,0.32589687482077
"ENSMUSG00000023266",0.214190249125947,0.223378039761479
"ENSMUSG00000023991",0.439977324868359,0.12293418825338
"ENSMUSG00000039154",0.115835248914126,0.364687145162636
"ENSMUSG00000019578",0.313440885272448,0.160539212210623
"ENSMUSG00000011305",0.0964446660931387,1.11111346870883
"ENSMUSG00000001227",0.130976211168419,0.152711486899975
"ENSMUSG00000001229",0.539551729591909,0.0582037476484313
"ENSMUSG00000002661",0.0856079028897116,0.360279002048761
"ENSMUSG00000024098",0.302981530265849,-0.156977616843522
"ENSMUSG00000023460",0.0426224492069455,-0.100275729239551
"ENSMUSG00000024073",0.474074165196955,-0.133465656642684
"ENSMUSG00000059811",0.152129277441248,-0.21402491213209
"ENSMUSG00000035473",0.661232581123335,-0.0913010012931126
"ENSMUSG00000045257",0.554932013699733,0.138047473332449
"ENSMUSG00000005371",0.202022507738092,-0.27714958949077
"ENSMUSG00000063889",0.576550067522672,-0.132907841656598
"ENSMUSG00000033382",0.957642334567745,0.014146535582337
"ENSMUSG00000024276",0.601322691685105,-0.15523673018543
"ENSMUSG00000044982",0.0649816017800238,0.373143097666142
"ENSMUSG00000087590",0.309531622344389,0.448915173915032
"ENSMUSG00000014503",0.467435692920196,-0.231574791713609
"ENSMUSG00000035984",0.209836774750388,0.269515222911056
"ENSMUSG00000024370",0.773639696151855,-0.0320633384116479
"ENSMUSG00000024352",0.934420815702369,-0.0231306464086395
"ENSMUSG00000047307",0.110296157784478,-0.311497111162962
"ENSMUSG00000046191",0.40825685596515,-0.128951251721977
"ENSMUSG00000024472",0.321723550069943,-0.164907729846661
"ENSMUSG00000033949",0.276116636507912,-0.269418374876149
"ENSMUSG00000032905",0.556330359034626,-0.077160080223805
"ENSMUSG00000048799",0.227029654012273,-0.157169473545939
"ENSMUSG00000024597",0.334608327648557,-0.175534551201271
"ENSMUSG00000058152",0.761777969088239,-0.123314185473029
"ENSMUSG00000036412",0.265078953087205,0.43090794350917
"ENSMUSG00000045629",0.382769033763946,0.243715064204706
"ENSMUSG00000091744",0.455390233657004,-0.351046094731433
"ENSMUSG00000041891",0.907032468388679,-0.0155511395423836
"ENSMUSG00000024524",0.465513587895439,-0.0799949964887919
"ENSMUSG00000079608",0.277462258168088,0.521228660900445
"ENSMUSG00000024515",0.766976538495759,-0.0615425078251101
"ENSMUSG00000052928",0.746730101804158,0.0397372189592837
"ENSMUSG00000025420",0.264209522323369,0.195671558711061
"ENSMUSG00000073532",0.0224836715204834,0.715126143345566
"ENSMUSG00000034006",0.25641782242045,0.160330776963864
"ENSMUSG00000033016",0.828602848202674,-0.0316426061016617
"ENSMUSG00000024842",0.399865964472591,-0.552577805040434
"ENSMUSG00000040663",0.353503594695042,0.33405481451048
"ENSMUSG00000024891",0.993081766636674,0.00118474722502771
"ENSMUSG00000061451",0.410828266642748,0.073170118922431
"ENSMUSG00000024844",0.713614592302655,0.0539846588477328
"ENSMUSG00000047423",0.529253728452936,0.0820061054123441
"ENSMUSG00000095098",0.385107192254437,0.225294732715592
"ENSMUSG00000024925",0.297757220974086,0.288623587583139
"ENSMUSG00000024941",0.150421600538614,0.21886569133392
"ENSMUSG00000094281",0.388800652492835,0.474198968417029
"ENSMUSG00000075227",0.287756044891228,0.280243652658617
"ENSMUSG00000024947",0.475136397093199,0.0653222125173829
"ENSMUSG00000033768",0.0787445445881916,0.128236137759242
"ENSMUSG00000024952",0.0776572566205059,0.0964869113078125
"ENSMUSG00000056612",0.742935714774278,0.101237306402151
"ENSMUSG00000024965",0.774245290370138,0.0539757222637879
"ENSMUSG00000036278",0.330746170770883,0.248053777676388
"ENSMUSG00000035885",0.404870975355962,0.228377755605971
"ENSMUSG00000071661",0.298975614375185,0.297419992566473
"ENSMUSG00000071660",0.4015039578412,-0.154334441727681
"ENSMUSG00000071649",0.20906132207125,0.131953886846689
"ENSMUSG00000036372",0.267601328115258,0.213069184902309
"ENSMUSG00000034371",0.758024568858404,0.0422957345504492
"ENSMUSG00000058624",0.207711421732568,-0.226005901311736
"ENSMUSG00000074922",0.177746221142893,0.296401218384356
"ENSMUSG00000040105",0.199270843900483,-0.122332811915993
"ENSMUSG00000024782",0.333847593524779,-0.101605960713338
"ENSMUSG00000024789",0.546694927476593,-0.161227275762104
"ENSMUSG00000024899",0.322018065178101,-0.194817292241647
"ENSMUSG00000079339",0.99947119390072,-0.000166888681260187
"ENSMUSG00000025007",0.765096178494607,-0.0358520437353993
"ENSMUSG00000025020",0.490569948275135,0.0904780951815841
"ENSMUSG00000044345",0.14800328280639,0.177924756384302
"ENSMUSG00000090235",0.900441110038349,0.0468715346797288
"ENSMUSG00000025200",0.390660608624334,-0.142854053899216
"ENSMUSG00000025217",0.908372310388632,-0.00821247162882487
"ENSMUSG00000040913",0.0629474749012532,0.226406202408116
"ENSMUSG00000025220",0.391119735646966,-0.129287949436804
"ENSMUSG00000025227",0.603571521007913,0.0850382423112385
"ENSMUSG00000025228",0.457332678385926,0.0612470203480171
"ENSMUSG00000025076",0.97889118513993,-0.0077487329268991
"ENSMUSG00000035173",0.297993857277837,-0.175950637441281
"ENSMUSG00000048029",0.0821808160122006,0.528176609086026
"ENSMUSG00000033417",0.306113068561055,-0.198600981292106
"ENSMUSG00000063897",0.282116326486084,0.240728134738198
