"","Pval","log2FoldChange_GroupX_vs_GroupY"
"ENSMUSG00000033793",0.885714285714286,-0.118736574981358
"ENSMUSG00000025916",0.685714285714286,-0.815691991238609
"ENSMUSG00000102937",0.485714285714286,0.149769870791987
"ENSMUSG00000104027",0.485714285714286,1.16691268245743
"ENSMUSG00000102386",0.885714285714286,-0.0584799176149997
"ENSMUSG00000037509",0.2,0.0797599655294888
"ENSMUSG00000037408",0.342857142857143,-0.0509310913370482
"ENSMUSG00000026083",0.685714285714286,-0.00127803251356015
"ENSMUSG00000003135",0.2,0.0690978767575692
"ENSMUSG00000097899",0.885714285714286,0.442991185404522
"ENSMUSG00000066877",0.342857142857143,-0.028688809007986
"ENSMUSG00000026102",0.2,-0.108628192464221
"ENSMUSG00000085054",0.342857142857143,0.53649989894652
"ENSMUSG00000084799",1,0.147142130870507
"ENSMUSG00000102605",0.342857142857143,0.108992688904031
"ENSMUSG00000026150",0.2,-0.0923469539275275
"ENSMUSG00000036766",0.342857142857143,-0.227273380342034
"ENSMUSG00000070034",1,-0.0147996596572166
"ENSMUSG00000026229",0.885714285714286,-0.0190954234828869
"ENSMUSG00000026234",0.342857142857143,-0.103022517198199
"ENSMUSG00000026238",0.685714285714286,-0.00962356093638339
"ENSMUSG00000026239",0.342857142857143,0.115039256657619
"ENSMUSG00000026270",0.2,0.140428056389047
"ENSMUSG00000040693",0.342857142857143,-0.444968974267146
"ENSMUSG00000026342",0.485714285714286,-0.151939517969131
"ENSMUSG00000036086",0.342857142857143,-0.110695790267524
"ENSMUSG00000104515",1,0.0781132448620463
"ENSMUSG00000026434",0.2,-0.128542690532385
"ENSMUSG00000054387",0.342857142857143,-0.12127958534828
"ENSMUSG00000041757",0.342857142857143,0.120674214131741
"ENSMUSG00000070643",0.342857142857143,-0.10168272981206
"ENSMUSG00000073557",0.485714285714286,-0.132757078579685
"ENSMUSG00000104524",0.685714285714286,-0.00620192045391535
"ENSMUSG00000099964",1,-0.0199757403405154
"ENSMUSG00000006005",0.342857142857143,-0.0591293071767655
"ENSMUSG00000052748",0.342857142857143,-0.122653955385572
"ENSMUSG00000042671",0.114285714285714,0.328294435071042
"ENSMUSG00000102326",0.2,-0.506477650282195
"ENSMUSG00000004031",0.342857142857143,-0.0377278508962194
"ENSMUSG00000026697",0.342857142857143,0.0864912635239074
"ENSMUSG00000041406",0.485714285714286,-0.489009296941226
"ENSMUSG00000104427",0.2,-0.842368780065447
"ENSMUSG00000026527",1,-0.100742651322558
"ENSMUSG00000102211",0.685714285714286,-0.298339516947455
"ENSMUSG00000026495",0.342857142857143,-0.0734564488293609
"ENSMUSG00000026516",0.685714285714286,0.105301559757151
"ENSMUSG00000026615",0.885714285714286,0.022445349537924
"ENSMUSG00000103961",0.885714285714286,0.370839651325545
"ENSMUSG00000026630",0.342857142857143,0.439796001061254
"ENSMUSG00000026628",0.2,-0.549248654149723
"ENSMUSG00000073478",0.2,0.223093113296277
"ENSMUSG00000037461",0.685714285714286,-0.0171278806777361
"ENSMUSG00000037375",0.342857142857143,-0.0856387271421162
"ENSMUSG00000104077",0.485714285714286,1.00914845845352
"ENSMUSG00000104284",0.342857142857143,0.0716896479920555
"ENSMUSG00000086921",0.342857142857143,-0.318419642714439
"ENSMUSG00000025817",0.485714285714286,0.0515635084193721
"ENSMUSG00000037254",0.342857142857143,-0.247074843876577
"ENSMUSG00000047909",1,0.151739350869554
"ENSMUSG00000026728",0.685714285714286,0.259225468394282
"ENSMUSG00000023094",1,0.0765439965251497
"ENSMUSG00000026679",0.685714285714286,0.133473974258319
"ENSMUSG00000036752",0.2,0.160317266705641
"ENSMUSG00000006471",0.114285714285714,0.180548101465458
"ENSMUSG00000085830",0.2,0.138915066432238
"ENSMUSG00000029419",0.885714285714286,0.0614824637299744
"ENSMUSG00000087595",0.2,-0.653727476366385
"ENSMUSG00000086779",0.685714285714286,-0.19778353968826
"ENSMUSG00000035772",0.2,-0.0736461767008536
"ENSMUSG00000079442",0.885714285714286,0.138684383926569
"ENSMUSG00000026797",0.485714285714286,-0.0992975251015872
"ENSMUSG00000038831",0.485714285714286,0.0650495392115319
"ENSMUSG00000087461",0.885714285714286,0.0654237635724939
"ENSMUSG00000026864",0.485714285714286,-0.0836539203822712
"ENSMUSG00000026946",0.685714285714286,0.0571693277807802
"ENSMUSG00000085315",0.342857142857143,0.252014152225086
"ENSMUSG00000061136",0.685714285714286,-0.0614626434619196
"ENSMUSG00000087040",1,0.729773792336672
"ENSMUSG00000082127",0.485714285714286,-0.275035207823093
"ENSMUSG00000041921",0.885714285714286,0.0186603587510774
"ENSMUSG00000042272",0.885714285714286,-0.134584275117087
"ENSMUSG00000027014",0.485714285714286,0.0651403420326616
"ENSMUSG00000034701",1,0.404624990297978
"ENSMUSG00000027091",0.685714285714286,-0.108597032507753
"ENSMUSG00000050043",0.485714285714286,-0.0938349336498635
"ENSMUSG00000002105",0.2,0.25670283614278
"ENSMUSG00000002100",0.2,1.64311333589977
"ENSMUSG00000058318",0.485714285714286,0.0290563388569308
"ENSMUSG00000027195",0.342857142857143,-0.0659149938107322
"ENSMUSG00000027164",0.342857142857143,-0.19382782193942
"ENSMUSG00000048058",0.342857142857143,-0.140660186658275
"ENSMUSG00000075012",1,0.0954909638229767
"ENSMUSG00000010914",0.885714285714286,-0.011426144176177
"ENSMUSG00000027185",0.2,0.161973853736686
"ENSMUSG00000023236",0.2,0.153488116425377
"ENSMUSG00000034278",1,0.257515675344817
"ENSMUSG00000027284",0.885714285714286,0.0779999917134555
"ENSMUSG00000079103",0.2,0.352754824073036
"ENSMUSG00000027248",0.685714285714286,-0.0952112626765704
"ENSMUSG00000081264",0.885714285714286,0.637185568085078
"ENSMUSG00000068394",0.485714285714286,0.152226515323516
"ENSMUSG00000027208",0.342857142857143,-0.265072017367847
"ENSMUSG00000084628",0.685714285714286,0.285095169536103
"ENSMUSG00000027374",0.2,0.062385422738978
"ENSMUSG00000014355",0.885714285714286,-0.0317818687319762
"ENSMUSG00000027394",0.685714285714286,-0.0492697795834171
"ENSMUSG00000037727",0.685714285714286,0.599453787646168
"ENSMUSG00000074797",0.685714285714286,0.037680615249305
"ENSMUSG00000048911",0.342857142857143,-0.22675214484924
"ENSMUSG00000027350",0.485714285714286,0.0751443697616872
"ENSMUSG00000027422",0.685714285714286,0.0329850112062706
"ENSMUSG00000083674",0.2,-0.0448147613087765
"ENSMUSG00000037259",0.342857142857143,-0.105366772069999
"ENSMUSG00000027430",0.114285714285714,0.196896953516673
"ENSMUSG00000068154",0.885714285714286,-0.140052645501519
"ENSMUSG00000037110",0.342857142857143,-0.0288431639139915
"ENSMUSG00000068130",0.0571428571428571,-0.724393520524015
"ENSMUSG00000027457",0.342857142857143,-0.0616985639402769
"ENSMUSG00000032715",0.0571428571428571,1.16174583713412
"ENSMUSG00000027472",0.885714285714286,0.107566402945317
"ENSMUSG00000003283",0.342857142857143,0.254358327379985
"ENSMUSG00000027488",0.0285714285714286,0.236776600517335
"ENSMUSG00000027593",0.685714285714286,0.240023666361777
"ENSMUSG00000074656",0.342857142857143,-0.093827543543875
"ENSMUSG00000047459",0.885714285714286,0.0166677737969863
"ENSMUSG00000103285",0.885714285714286,0.584629501079062
"ENSMUSG00000027642",0.685714285714286,0.0246690401395144
"ENSMUSG00000044349",0.485714285714286,0.195104837766726
"ENSMUSG00000017009",0.685714285714286,-0.0867049751331084
"ENSMUSG00000017667",0.685714285714286,-0.0402226755240881
"ENSMUSG00000039621",0.685714285714286,-0.103344644487887
"ENSMUSG00000039536",0.685714285714286,-0.0812640137936138
"ENSMUSG00000017999",0.114285714285714,0.181988051086204
"ENSMUSG00000038914",0.685714285714286,-0.0530535202920282
"ENSMUSG00000016356",0.342857142857143,0.24691393624883
"ENSMUSG00000027582",0.342857142857143,0.149139624222587
"ENSMUSG00000039545",0.2,0.67503950639947
"ENSMUSG00000031145",0.685714285714286,0.149304883498304
"ENSMUSG00000031149",0.885714285714286,-0.072588421768402
"ENSMUSG00000031169",0.0285714285714286,0.265832788497812
"ENSMUSG00000079697",0.2,-1.26918832262652
"ENSMUSG00000001128",0.685714285714286,0.251029136318838
"ENSMUSG00000009406",0.685714285714286,-0.0554468662532481
"ENSMUSG00000036572",0.342857142857143,0.0474971013570531
"ENSMUSG00000036551",0.685714285714286,-0.147556158918333
"ENSMUSG00000085396",1,0.106531458866483
"ENSMUSG00000090546",0.114285714285714,0.97684806650702
"ENSMUSG00000031328",1,0.114137739387567
"ENSMUSG00000031398",0.885714285714286,0.111293134938041
"ENSMUSG00000031402",0.342857142857143,0.0266747918119652
"ENSMUSG00000047996",0.2,-0.466082215009239
"ENSMUSG00000082776",0.2,0.617827014869716
"ENSMUSG00000057421",0.342857142857143,0.198669457872452
"ENSMUSG00000015668",0.342857142857143,0.134369184463899
"ENSMUSG00000079487",0.342857142857143,-0.0424468602324163
"ENSMUSG00000031310",0.685714285714286,0.00675166242302096
"ENSMUSG00000079480",0.685714285714286,0.183415195636026
"ENSMUSG00000085568",0.114285714285714,0.63854656942245
"ENSMUSG00000031232",0.685714285714286,-0.0347937984275709
"ENSMUSG00000031245",0.485714285714286,-0.0976340790282263
"ENSMUSG00000089759",0.0571428571428571,-0.79525756013246
"ENSMUSG00000031425",0.342857142857143,-0.166866197045402
"ENSMUSG00000052854",0.884549438852962,1.84190486553291
"ENSMUSG00000031431",0.885714285714286,-0.0363807096587541
"ENSMUSG00000031429",0.342857142857143,0.0272034954670575
"ENSMUSG00000041688",0.2,-0.252046161901418
"ENSMUSG00000041133",0.685714285714286,-0.0565869635316512
"ENSMUSG00000031380",0.885714285714286,0.0038730828548387
"ENSMUSG00000086224",0.485714285714286,0.288833546022635
"ENSMUSG00000027500",0.685714285714286,0.0427880261133691
"ENSMUSG00000027534",0.685714285714286,-0.213089095274345
"ENSMUSG00000025128",0.885714285714286,-0.104960455200747
"ENSMUSG00000069094",0.342857142857143,-0.0931488893044855
"ENSMUSG00000039221",0.485714285714286,-0.157087104613487
"ENSMUSG00000027706",0.885714285714286,-0.01744263006491
"ENSMUSG00000102498",0.885714285714286,0.154497342253454
"ENSMUSG00000027680",0.2,-0.179298519540858
"ENSMUSG00000105284",0.685714285714286,0.255305579963123
"ENSMUSG00000037400",0.2,-0.212522481943056
"ENSMUSG00000027716",0.685714285714286,0.220676645691909
"ENSMUSG00000027763",0.2,-0.22930687009499
"ENSMUSG00000036894",0.0285714285714286,-0.261676223860682
"ENSMUSG00000047557",0.342857142857143,0.106160872943216
"ENSMUSG00000089417",0.114285714285714,1.66091928419833
"ENSMUSG00000028011",0.685714285714286,0.308811797867608
"ENSMUSG00000028004",0.485714285714286,-0.119968466020019
"ENSMUSG00000023084",0.0285714285714286,1.29053823864122
"ENSMUSG00000004896",0.2,0.275357562980733
"ENSMUSG00000105843",0.342857142857143,0.0116484430382449
"ENSMUSG00000001416",0.685714285714286,0.0203063038350007
"ENSMUSG00000041423",0.485714285714286,0.354353732534284
"ENSMUSG00000068921",0.685714285714286,-0.03775020443411
"ENSMUSG00000028047",0.685714285714286,0.118953803488062
"ENSMUSG00000001018",0.885714285714286,-0.0672248562919714
"ENSMUSG00000041959",0.342857142857143,-0.0462836721304195
"ENSMUSG00000028150",0.485714285714286,0.470739970670232
"ENSMUSG00000005774",0.2,-0.149214583143941
"ENSMUSG00000028126",0.2,-0.114281125093999
"ENSMUSG00000005628",1,0.755095546260907
"ENSMUSG00000015522",0.885714285714286,0.00596030791726334
"ENSMUSG00000106383",0.685714285714286,0.30915799180252
"ENSMUSG00000038486",0.885714285714286,0.00756350268419476
"ENSMUSG00000028104",0.342857142857143,0.0685443866657891
"ENSMUSG00000038374",0.342857142857143,0.0533038149801761
"ENSMUSG00000038354",0.0285714285714286,0.321179207957057
"ENSMUSG00000028096",0.2,-0.0622212457644097
"ENSMUSG00000027875",0.885714285714286,-0.0176985282879902
"ENSMUSG00000044165",0.2,0.955363807776993
"ENSMUSG00000027843",0.685714285714286,1.43012796040252
"ENSMUSG00000105304",0.485714285714286,-0.260351030434044
"ENSMUSG00000002233",0.2,0.142896162924054
"ENSMUSG00000105655",0.342857142857143,0.235364404970977
"ENSMUSG00000106317",0.342857142857143,0.177932164276348
"ENSMUSG00000102780",0.342857142857143,-0.522191721759911
"ENSMUSG00000004035",0.342857142857143,0.193016631952394
"ENSMUSG00000088185",1,0.689554557991754
"ENSMUSG00000040322",0.2,-0.475731628644335
"ENSMUSG00000054426",0.685714285714286,0.267840068064188
"ENSMUSG00000033554",0.485714285714286,-0.0497619137432809
"ENSMUSG00000105572",0.342857142857143,-0.130482106465094
"ENSMUSG00000104960",1,0.262262263162678
"ENSMUSG00000105939",0.685714285714286,0.3053238631062
"ENSMUSG00000028023",0.885714285714286,-0.121675340966744
"ENSMUSG00000105449",0.2,0.237679793681797
"ENSMUSG00000028163",0.2,0.205997773656435
"ENSMUSG00000028149",0.342857142857143,-0.0472574185495646
"ENSMUSG00000106057",0.2,0.483842252061728
"ENSMUSG00000039037",0.0285714285714286,-0.149030353938809
"ENSMUSG00000104696",0.885714285714286,1.27567373498318
"ENSMUSG00000106018",0.2,-0.425101536537983
"ENSMUSG00000041261",0.685714285714286,1.21332112906702
"ENSMUSG00000041235",0.342857142857143,0.500628123054613
"ENSMUSG00000085112",0.685714285714286,-0.0288864146727196
"ENSMUSG00000078722",0.342857142857143,0.1779628314587
"ENSMUSG00000042788",0.0285714285714286,1.09031732656898
"ENSMUSG00000088088",0.342857142857143,0.282472390829739
"ENSMUSG00000048232",0.342857142857143,0.0493098267064304
"ENSMUSG00000066191",0.885714285714286,0.10649252776769
"ENSMUSG00000028369",0.342857142857143,0.10576239447704
"ENSMUSG00000039158",0.342857142857143,-0.115990781668429
"ENSMUSG00000028373",0.885714285714286,0.0175230452285104
"ENSMUSG00000051675",0.685714285714286,-0.109993157965882
"ENSMUSG00000028399",0.2,-0.128628602040655
"ENSMUSG00000038368",0.485714285714286,0.0427180719979817
"ENSMUSG00000062627",0.485714285714286,0.11134205100549
"ENSMUSG00000081225",0.342857142857143,-0.167663524531549
"ENSMUSG00000085181",0.485714285714286,-0.209571669629523
"ENSMUSG00000028517",0.685714285714286,-0.0933528302009495
"ENSMUSG00000028607",0.485714285714286,-0.0450104167472098
"ENSMUSG00000034210",0.2,-0.122433793954614
"ENSMUSG00000044730",0.685714285714286,0.0813359262250544
"ENSMUSG00000028871",0.2,0.225946219083354
"ENSMUSG00000056174",0.2,-0.230980574135122
"ENSMUSG00000073755",0.685714285714286,0.0837961820240321
"ENSMUSG00000042408",0.485714285714286,-0.115330430829324
"ENSMUSG00000062545",1,-0.0694830115401865
"ENSMUSG00000057236",0.2,-0.11716684240156
"ENSMUSG00000057572",0.685714285714286,0.143032677461316
"ENSMUSG00000028909",0.342857142857143,0.0995893406546226
"ENSMUSG00000047281",0.2,0.372439886903204
"ENSMUSG00000037443",0.885714285714286,-0.0671610148458414
"ENSMUSG00000028809",0.885714285714286,0.0392706664928706
"ENSMUSG00000051351",0.685714285714286,0.0644724254305589
"ENSMUSG00000036856",0.885714285714286,0.106760652400907
"ENSMUSG00000028759",0.342857142857143,-0.0129793816647918
"ENSMUSG00000028757",0.342857142857143,0.0424866244831163
"ENSMUSG00000028755",0.2,0.844421536058524
"ENSMUSG00000028745",0.2,0.0819037231504662
"ENSMUSG00000006219",0.2,0.501333534605925
"ENSMUSG00000028583",0.2,-0.188230365115139
"ENSMUSG00000070610",0.114285714285714,0.682993029493921
"ENSMUSG00000014592",0.114285714285714,-0.172169098254565
"ENSMUSG00000028946",0.485714285714286,2.33215229247659
"ENSMUSG00000058498",0.2,0.344695748251358
"ENSMUSG00000039523",0.2,-0.120491167013248
"ENSMUSG00000039492",0.342857142857143,0.270777293871638
"ENSMUSG00000086682",0.342857142857143,-0.0845215828037414
"ENSMUSG00000029061",0.685714285714286,0.668623740072639
"ENSMUSG00000041936",0.2,0.118587101384998
"ENSMUSG00000035692",0.342857142857143,0.370561695429292
"ENSMUSG00000095567",0.2,0.14539236000811
"ENSMUSG00000062353",0.2,0.556211261265046
"ENSMUSG00000040367",0.2,0.305767279046626
"ENSMUSG00000106472",0.685714285714286,-0.313468506652745
"ENSMUSG00000046798",0.2,-0.226229285780316
"ENSMUSG00000039968",0.2,-0.254280561435793
"ENSMUSG00000101013",0.0571428571428571,0.640083985861271
"ENSMUSG00000039095",0.685714285714286,1.40489501124531
"ENSMUSG00000044681",0.685714285714286,2.6199324665322
"ENSMUSG00000025745",0.685714285714286,0.0126772666724312
"ENSMUSG00000106229",0.885714285714286,0.419448409074852
"ENSMUSG00000029147",0.342857142857143,0.0538529692745807
"ENSMUSG00000106717",0.685714285714286,0.476739005040898
"ENSMUSG00000106918",0.2,0.136348640540394
"ENSMUSG00000082305",0.342857142857143,-0.718186710407367
"ENSMUSG00000037210",0.685714285714286,0.0877412760024713
"ENSMUSG00000029103",0.342857142857143,0.0590682202325809
"ENSMUSG00000029192",0.2,-0.145538189421928
"ENSMUSG00000107168",0.342857142857143,-0.174810363060316
"ENSMUSG00000061755",0.342857142857143,-0.0400750700646601
"ENSMUSG00000039706",0.685714285714286,-0.100018448577516
"ENSMUSG00000105791",1,0.567000704939073
"ENSMUSG00000104562",0.885714285714286,0.0477115956488272
"ENSMUSG00000106539",0.885714285714286,1.17825590214006
"ENSMUSG00000029179",0.342857142857143,-0.0938162467515029
"ENSMUSG00000082705",0.485714285714286,0.162634992724529
"ENSMUSG00000029152",0.485714285714286,-0.0159820241821522
"ENSMUSG00000029366",0.0285714285714286,-0.388795945172929
"ENSMUSG00000029368",0.885714285714286,-1.71377102026741
"ENSMUSG00000029397",0.485714285714286,0.0317816430111407
"ENSMUSG00000083700",0.885714285714286,-0.0254950549326591
"ENSMUSG00000029486",0.685714285714286,-0.195409671625497
"ENSMUSG00000105814",0.485714285714286,0.049557500440064
"ENSMUSG00000105218",0.885714285714286,-0.00172156075821943
"ENSMUSG00000035297",0.342857142857143,0.0336110128484285
"ENSMUSG00000016833",1,-0.000384540507434213
"ENSMUSG00000034384",1,1.01308706836153
"ENSMUSG00000058558",0.342857142857143,-0.00266510457805299
"ENSMUSG00000072769",0.885714285714286,-0.00388529219390873
"ENSMUSG00000064247",0.2,0.227154531843908
"ENSMUSG00000042096",0.685714285714286,2.2740899120337
"ENSMUSG00000041890",0.685714285714286,0.0911388542324514
"ENSMUSG00000048578",0.685714285714286,-0.0100952001466182
"ENSMUSG00000096243",0.885714285714286,-2.26227583014865
"ENSMUSG00000094377",0.882420114075504,-2.03034316722344
"ENSMUSG00000067274",0.885714285714286,0.0547288052852154
"ENSMUSG00000041548",0.342857142857143,-0.059647821937909
"ENSMUSG00000061578",0.885714285714286,-0.00108723801052181
"ENSMUSG00000032898",0.885714285714286,-0.0308111677152624
"ENSMUSG00000018604",0.342857142857143,0.0899509640535014
"ENSMUSG00000029597",0.685714285714286,0.153175647578206
"ENSMUSG00000001166",0.685714285714286,0.242440065524834
"ENSMUSG00000105434",0.342857142857143,0.215565140382126
"ENSMUSG00000029472",0.2,0.0653816889990835
"ENSMUSG00000105881",0.885714285714286,0.11858209425318
"ENSMUSG00000029442",0.342857142857143,0.20811806187038
"ENSMUSG00000106636",0.885714285714286,0.817866540519677
"ENSMUSG00000029422",0.2,-0.0946480443991687
"ENSMUSG00000029406",0.885714285714286,0.00729668746933489
"ENSMUSG00000038126",0.342857142857143,-0.0508352714789752
"ENSMUSG00000049327",0.342857142857143,-0.0915266913985785
"ENSMUSG00000029401",0.685714285714286,-0.0266261869407758
"ENSMUSG00000037936",0.2,0.0981311196985376
"ENSMUSG00000008348",0.885714285714286,0.281640348431468
"ENSMUSG00000072612",0.2,0.931292335963172
"ENSMUSG00000029420",0.885714285714286,0.0296747993510506
"ENSMUSG00000029436",0.685714285714286,-0.00784831865180737
"ENSMUSG00000025340",0.342857142857143,0.0116042484573025
"ENSMUSG00000106320",0.485714285714286,-0.188661742169018
"ENSMUSG00000105985",0.485714285714286,0.14244931674133
"ENSMUSG00000029710",0.342857142857143,0.312552168814796
"ENSMUSG00000029718",0.2,0.26773074071029
"ENSMUSG00000082088",0.885714285714286,0.307267512556816
"ENSMUSG00000053581",0.2,-0.0988326423687853
"ENSMUSG00000029546",0.2,1.60971020813143
"ENSMUSG00000036639",0.2,0.38259038394811
"ENSMUSG00000056076",0.485714285714286,0.0690220783482614
"ENSMUSG00000036555",0.685714285714286,0.137539376048619
"ENSMUSG00000039533",0.885714285714286,-0.0717960849645856
"ENSMUSG00000039477",0.485714285714286,0.0472969989078987
"ENSMUSG00000105345",0.2,0.545669080637328
"ENSMUSG00000001844",0.342857142857143,0.0738155871760748
"ENSMUSG00000083012",0.685714285714286,0.0277610413300596
"ENSMUSG00000032827",0.342857142857143,-0.141347003847704
"ENSMUSG00000032667",0.114285714285714,-0.181841382082216
"ENSMUSG00000062995",0.685714285714286,0.0460292305756148
"ENSMUSG00000046178",0.685714285714286,-0.171345672939555
"ENSMUSG00000029552",0.485714285714286,-0.0544621596922364
"ENSMUSG00000007655",0.342857142857143,-0.176661612066552
"ENSMUSG00000023089",1,0.143504337181217
"ENSMUSG00000003500",0.2,0.0986045034875798
"ENSMUSG00000039629",0.342857142857143,-0.149694100433595
"ENSMUSG00000023367",0.885714285714286,-0.197605692322747
"ENSMUSG00000029821",0.685714285714286,-0.102674428487263
"ENSMUSG00000063694",0.2,-0.112272848115807
"ENSMUSG00000045725",0.485714285714286,0.191238724786192
"ENSMUSG00000002797",0.2,0.168920105302604
"ENSMUSG00000002930",0.685714285714286,1.51952789958111
"ENSMUSG00000053604",0.485714285714286,-0.0617853398503238
"ENSMUSG00000052738",0.485714285714286,0.0924524466650424
"ENSMUSG00000108264",0.885714285714286,-0.0674639679652756
"ENSMUSG00000107826",0.885714285714286,-0.0751980924756247
"ENSMUSG00000107412",0.885714285714286,0.180888769790854
"ENSMUSG00000085782",0.485714285714286,0.278378315426216
"ENSMUSG00000068323",0.342857142857143,-0.0959112026372277
"ENSMUSG00000030007",0.342857142857143,0.0551159895068071
"ENSMUSG00000054226",0.2,0.0997428504441796
"ENSMUSG00000029999",0.0285714285714286,-0.289107955816728
"ENSMUSG00000001158",0.342857142857143,0.0212359277408728
"ENSMUSG00000030048",0.685714285714286,0.193580893015883
"ENSMUSG00000108049",0.2,0.319898960779764
"ENSMUSG00000030062",0.685714285714286,-0.0108257311771204
"ENSMUSG00000030089",0.2,0.432322702203724
"ENSMUSG00000030091",0.342857142857143,-0.145399611411602
"ENSMUSG00000030094",0.2,-0.0637455678412409
"ENSMUSG00000030059",0.485714285714286,-0.225739292342827
"ENSMUSG00000030104",0.2,-0.197393327806416
"ENSMUSG00000107560",1,0.40903806075722
"ENSMUSG00000033933",0.2,-0.0625372206818041
"ENSMUSG00000030317",0.685714285714286,0.17210046471099
"ENSMUSG00000030145",0.2,-0.189812681353693
"ENSMUSG00000019210",0.342857142857143,0.0075942136390016
"ENSMUSG00000040669",0.2,0.0882927235289901
"ENSMUSG00000079343",0.2,-0.8055135645617
"ENSMUSG00000004263",1,0.142948805035914
"ENSMUSG00000038346",0.685714285714286,0.0256417262736675
"ENSMUSG00000057666",0.342857142857143,0.0561826144550723
"ENSMUSG00000030341",0.342857142857143,0.120882175712469
"ENSMUSG00000030342",0.2,-0.116086250925751
"ENSMUSG00000049107",0.0285714285714286,0.226851640808989
"ENSMUSG00000110390",0.485714285714286,0.146878781678488
"ENSMUSG00000038077",0.685714285714286,-0.0201911054496095
"ENSMUSG00000000399",0.485714285714286,0.0320564767926382
"ENSMUSG00000030351",0.2,0.362036039246399
"ENSMUSG00000030352",0.885714285714286,0.172774263332859
"ENSMUSG00000030207",0.485714285714286,-0.0934177846560669
"ENSMUSG00000030224",0.885714285714286,-0.130374979569764
"ENSMUSG00000030231",0.342857142857143,-0.00249024435156393
"ENSMUSG00000041671",0.342857142857143,0.0933374482081017
"ENSMUSG00000068250",0.485714285714286,-0.0415696337018751
"ENSMUSG00000078816",0.885714285714286,0.0148235595185941
"ENSMUSG00000086155",0.2,-0.291917954423134
"ENSMUSG00000035545",0.485714285714286,0.273475187235419
"ENSMUSG00000004961",0.685714285714286,0.0399672510872769
"ENSMUSG00000051811",0.342857142857143,0.608140254715676
"ENSMUSG00000043290",0.685714285714286,-0.375621354012007
"ENSMUSG00000062116",0.342857142857143,-0.00223121519514039
"ENSMUSG00000056394",0.114285714285714,0.284159862314307
"ENSMUSG00000101135",0.485714285714286,-0.405423113897788
"ENSMUSG00000004328",0.885714285714286,0.0339730954395037
"ENSMUSG00000030413",0.685714285714286,-0.0940652922633532
"ENSMUSG00000030409",1,0.162981456615356
"ENSMUSG00000030397",0.0571428571428571,0.141103879459378
"ENSMUSG00000040940",0.2,0.270020640083697
"ENSMUSG00000061702",0.485714285714286,0.324653867155948
"ENSMUSG00000049685",0.663117245320382,0.0923427408267538
"ENSMUSG00000003437",0.885714285714286,0.228632419191171
"ENSMUSG00000030592",1,0.211288004778329
"ENSMUSG00000006651",0.342857142857143,0.02564860660426
"ENSMUSG00000078762",0.885714285714286,0.289432282047177
"ENSMUSG00000098146",0.685714285714286,0.316092117896421
"ENSMUSG00000108434",0.685714285714286,0.108067024571445
"ENSMUSG00000092416",0.485714285714286,-0.120730990654294
"ENSMUSG00000013367",0.0571428571428571,0.232531666387805
"ENSMUSG00000038888",0.342857142857143,-0.168879646248998
"ENSMUSG00000059891",0.114285714285714,0.807723834719696
"ENSMUSG00000109324",0.2,0.0847887349376131
"ENSMUSG00000095276",0.685714285714286,0.230025247348905
"ENSMUSG00000053801",0.685714285714286,0.0489653409920033
"ENSMUSG00000108597",0.685714285714286,0.0764983618507104
"ENSMUSG00000109536",0.685714285714286,-0.12813550569678
"ENSMUSG00000108943",0.342857142857143,0.0545351925169576
"ENSMUSG00000100826",0.342857142857143,-0.140740909611951
"ENSMUSG00000064377",0.685714285714286,-0.0315064987828948
"ENSMUSG00000109006",1,-0.0873199938759011
"ENSMUSG00000108824",0.342857142857143,-0.448253266882139
"ENSMUSG00000078681",0.2,0.186399889737986
"ENSMUSG00000032776",0.485714285714286,0.542606877697915
"ENSMUSG00000066406",0.885714285714286,-0.0247951379122436
"ENSMUSG00000038930",0.485714285714286,0.152130739493247
"ENSMUSG00000025586",0.2,-0.125938520773784
"ENSMUSG00000001741",0.885714285714286,0.532587912817707
"ENSMUSG00000108893",0.885714285714286,-0.0202530488708963
"ENSMUSG00000051451",1,0.00424966432401197
"ENSMUSG00000109239",0.342857142857143,0.0861826376609261
"ENSMUSG00000109217",0.485714285714286,0.407200324947815
"ENSMUSG00000044952",0.485714285714286,-0.0731063404055212
"ENSMUSG00000035686",0.885714285714286,0.0676870346180894
"ENSMUSG00000097974",0.685714285714286,0.149683041204377
"ENSMUSG00000035239",0.0571428571428571,-0.658471165105037
"ENSMUSG00000035211",0.2,0.603627947906593
"ENSMUSG00000066279",0.885714285714286,-0.74197515739064
"ENSMUSG00000073940",0.342857142857143,-0.211625686762141
"ENSMUSG00000052305",0.685714285714286,-0.127727192247692
"ENSMUSG00000030882",0.885714285714286,0.0064578932170394
"ENSMUSG00000108573",0.485714285714286,-0.269945976231585
"ENSMUSG00000030742",0.114285714285714,0.713206283795897
"ENSMUSG00000073838",0.2,0.0987501116791786
"ENSMUSG00000030720",0.2,0.133859079430694
"ENSMUSG00000030697",0.342857142857143,0.122238255163269
"ENSMUSG00000030823",0.342857142857143,0.198933289113826
"ENSMUSG00000045639",0.485714285714286,-0.0667670424964899
"ENSMUSG00000108808",0.685714285714286,0.935165863133312
"ENSMUSG00000030805",0.685714285714286,0.239034474347716
"ENSMUSG00000040331",0.485714285714286,-0.054881123663616
"ENSMUSG00000063179",0.2,0.183512860293463
"ENSMUSG00000030946",0.2,0.215339820992458
"ENSMUSG00000040139",0.485714285714286,0.0858129528371983
"ENSMUSG00000025477",0.485714285714286,0.187140080806769
"ENSMUSG00000025487",0.2,0.148741165150314
"ENSMUSG00000110275",0.0285714285714286,1.15593153765766
"ENSMUSG00000025508",1,0.282278062182096
"ENSMUSG00000048191",0.685714285714286,1.59103287617677
"ENSMUSG00000045777",0.342857142857143,0.456347758769653
"ENSMUSG00000007891",0.885714285714286,-0.0444361735252495
"ENSMUSG00000101609",0.885714285714286,0.031533568906409
"ENSMUSG00000019775",0.2,-0.157813861673747
"ENSMUSG00000040034",0.2,-0.152733031790625
"ENSMUSG00000061983",1,0.269878602718481
"ENSMUSG00000019792",0.342857142857143,-0.0218540317206898
"ENSMUSG00000019787",0.685714285714286,-0.76568384822232
"ENSMUSG00000019846",0.685714285714286,-0.015695738708792
"ENSMUSG00000019845",0.342857142857143,-0.409791286111653
"ENSMUSG00000096687",0.885714285714286,0.0494461967043789
"ENSMUSG00000098055",0.2,0.57333705054267
"ENSMUSG00000014329",0.685714285714286,0.0711805962248117
"ENSMUSG00000020175",1,0.0421416811876659
"ENSMUSG00000033208",0.885714285714286,0.28975696997942
"ENSMUSG00000001435",0.114285714285714,0.70021497169648
"ENSMUSG00000009293",0.885714285714286,0.0334502822754411
"ENSMUSG00000109776",0.485714285714286,-0.0356167789254119
"ENSMUSG00000005357",1,0.657291728348927
"ENSMUSG00000035640",0.2,0.10733360993494
"ENSMUSG00000035621",0.114285714285714,-0.208165212139244
"ENSMUSG00000061589",0.342857142857143,0.0508378337803309
"ENSMUSG00000062075",0.342857142857143,0.0158263027147263
"ENSMUSG00000074862",0.685714285714286,0.066223662968669
"ENSMUSG00000020263",0.885714285714286,0.108705206190634
"ENSMUSG00000020052",0.342857142857143,0.142749002412359
"ENSMUSG00000015889",0.342857142857143,0.0440328823501012
"ENSMUSG00000036112",0.685714285714286,-0.0213937640718866
"ENSMUSG00000097869",0.342857142857143,0.131007557933186
"ENSMUSG00000102410",0.342857142857143,0.331240206936629
"ENSMUSG00000034024",0.342857142857143,-0.00495730810463374
"ENSMUSG00000020212",0.485714285714286,0.117062060399794
"ENSMUSG00000090461",1,2.04198219885788
"ENSMUSG00000034707",0.2,-0.0853729840743061
"ENSMUSG00000044071",0.885714285714286,-0.169869955631318
"ENSMUSG00000025393",0.342857142857143,0.0424901158949577
"ENSMUSG00000025374",0.685714285714286,0.159423385152402
"ENSMUSG00000078427",0.342857142857143,0.0375642069231931
"ENSMUSG00000044433",0.342857142857143,0.119864097129958
"ENSMUSG00000004630",0.685714285714286,3.4899156487514
"ENSMUSG00000001300",1,-0.208976751998
"ENSMUSG00000049717",0.2,-0.230355068565779
"ENSMUSG00000031453",0.685714285714286,-0.0944350459948495
"ENSMUSG00000031480",0.342857142857143,-0.147224365837951
"ENSMUSG00000031552",0.685714285714286,-0.153188259504781
"ENSMUSG00000031483",1,-0.101452839791431
"ENSMUSG00000109751",0.885714285714286,0.535377443646025
"ENSMUSG00000038173",0.885714285714286,0.125449653893096
"ENSMUSG00000110246",0.342857142857143,-0.0698478028367894
"ENSMUSG00000031644",0.2,-0.153659460651456
"ENSMUSG00000110308",0.342857142857143,-0.333855267353446
"ENSMUSG00000003573",1,0.620787325410064
"ENSMUSG00000031622",0.0285714285714286,0.176274830707745
"ENSMUSG00000031714",0.114285714285714,-0.130946635172263
"ENSMUSG00000031711",0.342857142857143,0.0069499795111
"ENSMUSG00000005470",0.342857142857143,0.209456643796491
"ENSMUSG00000086067",0.0285714285714286,0.995000371696591
"ENSMUSG00000087026",0.885714285714286,-0.00904991470941909
"ENSMUSG00000008167",0.342857142857143,0.132654379721815
"ENSMUSG00000047866",0.342857142857143,0.0282852458872586
"ENSMUSG00000097248",0.685714285714286,0.926622262010937
"ENSMUSG00000031654",1,1.08909034847418
"ENSMUSG00000031660",0.2,-0.0437792698765218
"ENSMUSG00000110079",0.685714285714286,-0.254725611805288
"ENSMUSG00000058019",0.685714285714286,-0.232836283840929
"ENSMUSG00000054400",0.685714285714286,0.124723651609217
"ENSMUSG00000036672",0.114285714285714,0.3823793411234
"ENSMUSG00000048310",0.342857142857143,0.123235543969476
"ENSMUSG00000039067",0.685714285714286,0.0894471882024183
"ENSMUSG00000031954",0.685714285714286,0.00148042432221266
"ENSMUSG00000047388",0.485714285714286,-0.101115606464251
"ENSMUSG00000034424",0.2,0.085291231794774
"ENSMUSG00000097960",0.342857142857143,-0.234420962974621
"ENSMUSG00000049577",0.485714285714286,0.055239166868236
"ENSMUSG00000031962",0.342857142857143,0.65593757631607
"ENSMUSG00000043068",0.342857142857143,0.336616700067585
"ENSMUSG00000094634",0.342857142857143,0.262315610430905
"ENSMUSG00000045799",0.2,0.252516435282679
"ENSMUSG00000021815",0.0285714285714286,1.18388663479246
"ENSMUSG00000063787",0.342857142857143,-0.0510965879401224
"ENSMUSG00000021819",0.114285714285714,0.113038836965884
"ENSMUSG00000015968",0.342857142857143,-0.176608275085245
"ENSMUSG00000052395",0.885714285714286,-0.0239030360734357
"ENSMUSG00000021903",0.685714285714286,0.526210657664134
"ENSMUSG00000021919",0.885714285714286,0.0527275473501969
"ENSMUSG00000006281",0.685714285714286,-0.0558786482825591
"ENSMUSG00000049295",0.685714285714286,0.287303128086036
"ENSMUSG00000022204",0.685714285714286,0.223810892874964
"ENSMUSG00000002324",0.2,0.646316310037645
"ENSMUSG00000007591",0.885714285714286,-0.589549329501327
"ENSMUSG00000040380",0.685714285714286,1.95325423898673
"ENSMUSG00000079184",0.485714285714286,-0.0212126443607424
"ENSMUSG00000063895",0.0285714285714286,-0.342299687323175
"ENSMUSG00000021986",0.342857142857143,-0.114428359830664
"ENSMUSG00000021993",1,0.0280404473940775
"ENSMUSG00000102151",0.114285714285714,1.41231238658955
"ENSMUSG00000035067",0.885714285714286,-0.0266827169457511
"ENSMUSG00000097545",0.685714285714286,0.257385801631914
"ENSMUSG00000022037",0.342857142857143,0.0318091060717183
"ENSMUSG00000022041",0.685714285714286,0.270812098657194
"ENSMUSG00000022048",0.885714285714286,0.0242784383634181
"ENSMUSG00000033446",0.0571428571428571,-0.425466114707756
"ENSMUSG00000085829",0.2,-0.140351882937201
"ENSMUSG00000061517",0.2,-0.109865174130796
"ENSMUSG00000032849",0.2,-0.176498805062014
"ENSMUSG00000042104",0.685714285714286,-0.0483849276862908
"ENSMUSG00000025555",0.885714285714286,-0.0376511557760666
"ENSMUSG00000037808",0.885714285714286,-0.0630189411430974
"ENSMUSG00000031928",0.2,0.146625460756577
"ENSMUSG00000037405",0.342857142857143,-0.297399325589107
"ENSMUSG00000032178",0.2,0.0752411429197011
"ENSMUSG00000032194",0.485714285714286,0.552671643085848
"ENSMUSG00000040146",0.885714285714286,0.540719798733876
"ENSMUSG00000045994",0.685714285714286,6.69001699634111e-05
"ENSMUSG00000031990",0.342857142857143,-0.0234199573069321
"ENSMUSG00000059974",0.485714285714286,-0.0773156333287458
"ENSMUSG00000111246",0.485714285714286,-0.0830354095297632
"ENSMUSG00000098758",0.342857142857143,-0.478121818753396
"ENSMUSG00000053889",0.2,-0.54404751183203
"ENSMUSG00000001948",0.685714285714286,0.445140462918072
"ENSMUSG00000011114",0.485714285714286,0.102504926701681
"ENSMUSG00000032021",0.885714285714286,2.03382996217793
"ENSMUSG00000032020",0.885714285714286,0.0154190745193169
"ENSMUSG00000100158",0.885714285714286,0.806385544929272
"ENSMUSG00000032112",0.342857142857143,0.047248170875976
"ENSMUSG00000111656",0.2,0.825850624726505
"ENSMUSG00000046480",0.342857142857143,0.114144848229161
"ENSMUSG00000059412",0.885714285714286,0.0465618697285466
"ENSMUSG00000032083",0.885714285714286,-0.459807702669636
"ENSMUSG00000032259",0.685714285714286,0.125723193732428
"ENSMUSG00000055069",0.342857142857143,-0.196820874106545
"ENSMUSG00000032291",0.0571428571428571,0.188056519387238
"ENSMUSG00000032313",0.485714285714286,0.389386242234664
"ENSMUSG00000111343",0.885714285714286,0.232979483266386
"ENSMUSG00000038957",0.485714285714286,-0.0252888602088144
"ENSMUSG00000090516",0.342857142857143,0.834111394500053
"ENSMUSG00000111394",0.685714285714286,0.0421640845072067
"ENSMUSG00000034485",0.2,0.30174999666043
"ENSMUSG00000036867",0.885714285714286,0.0763548198291811
"ENSMUSG00000059183",0.485714285714286,-0.0329323715837854
"ENSMUSG00000091956",0.342857142857143,0.883977538219003
"ENSMUSG00000032231",0.342857142857143,-0.0488881555578135
"ENSMUSG00000032212",0.485714285714286,0.0525600930421953
"ENSMUSG00000042444",0.342857142857143,-0.00932501550018166
"ENSMUSG00000032181",1,-0.0958831587884229
"ENSMUSG00000101144",0.342857142857143,0.475071540426166
"ENSMUSG00000033491",0.2,0.31072139838081
"ENSMUSG00000032353",0.685714285714286,0.168669915891376
"ENSMUSG00000103755",0.485714285714286,-0.0814976024903746
"ENSMUSG00000032412",0.342857142857143,-0.0668126282238872
"ENSMUSG00000051234",0.485714285714286,-0.0106075124490272
"ENSMUSG00000044244",0.885714285714286,1.8103170314007
"ENSMUSG00000032564",0.2,-0.257953867261699
"ENSMUSG00000057969",0.2,0.194476684493048
"ENSMUSG00000034837",0.2,1.05022649795962
"ENSMUSG00000103621",0.485714285714286,0.272082322826358
"ENSMUSG00000023473",0.885714285714286,0.0552659103863821
"ENSMUSG00000025648",0.685714285714286,0.155137706609393
"ENSMUSG00000032478",0.342857142857143,0.137024437101965
"ENSMUSG00000054792",0.685714285714286,0.0238518073109501
"ENSMUSG00000009741",0.685714285714286,0.0702656114095321
"ENSMUSG00000111434",0.485714285714286,0.37224691231272
"ENSMUSG00000097736",0.342857142857143,0.27923962046697
"ENSMUSG00000047036",0.342857142857143,-0.147418774617097
"ENSMUSG00000110945",0.685714285714286,0.321780454540387
"ENSMUSG00000020451",0.342857142857143,0.089518263580989
"ENSMUSG00000034543",0.342857142857143,0.0134303189215783
"ENSMUSG00000020160",0.885714285714286,-0.108373476088846
"ENSMUSG00000085035",0.2,0.43950095669452
"ENSMUSG00000020321",0.342857142857143,0.0925307743528274
"ENSMUSG00000081887",0.342857142857143,-0.117235745533105
"ENSMUSG00000069919",0.485714285714286,-0.00193268654081176
"ENSMUSG00000020428",0.885714285714286,1.86132979507905
"ENSMUSG00000078921",0.2,-1.7330759252867
"ENSMUSG00000078920",0.685714285714286,-0.444508603931961
"ENSMUSG00000036644",0.685714285714286,-0.0427730095750115
"ENSMUSG00000001054",0.342857142857143,-0.0328105502360774
"ENSMUSG00000018395",0.485714285714286,-0.0379438943478887
"ENSMUSG00000055333",0.485714285714286,2.63441653906888
"ENSMUSG00000018593",0.685714285714286,0.14880079789701
"ENSMUSG00000078853",0.342857142857143,-0.247306745901386
"ENSMUSG00000020491",0.485714285714286,-0.0644830186451608
"ENSMUSG00000018501",0.0285714285714286,-0.145660540775076
"ENSMUSG00000086841",0.885714285714286,0.21161434019162
"ENSMUSG00000047821",0.685714285714286,0.0101523525341044
"ENSMUSG00000020549",0.885714285714286,0.0510937653014908
"ENSMUSG00000032782",0.342857142857143,0.19327201543431
"ENSMUSG00000059796",0.342857142857143,-0.0057191203436692
"ENSMUSG00000023170",0.2,0.364875554251644
"ENSMUSG00000020884",0.2,0.798681171414505
"ENSMUSG00000040904",0.2,0.355810809908433
"ENSMUSG00000020828",0.0285714285714286,0.236399063220973
"ENSMUSG00000087523",0.2,0.354408067087092
"ENSMUSG00000018446",0.885714285714286,0.0220646325057603
"ENSMUSG00000020803",0.485714285714286,0.0620335189722081
"ENSMUSG00000020788",0.485714285714286,0.560593565111254
"ENSMUSG00000020774",0.342857142857143,-0.138168175890909
"ENSMUSG00000010554",0.2,-0.0626295564822101
"ENSMUSG00000077637",0.685714285714286,-0.476462675801216
"ENSMUSG00000020844",0.485714285714286,0.151980870829867
"ENSMUSG00000017631",0.885714285714286,-0.10771125731144
"ENSMUSG00000020840",0.885714285714286,-0.0472341311564777
"ENSMUSG00000037791",0.2,0.0845061116522979
"ENSMUSG00000002064",0.2,0.230240416429709
"ENSMUSG00000020703",0.685714285714286,0.262110639956327
"ENSMUSG00000035208",0.342857142857143,-0.357381003729883
"ENSMUSG00000020680",0.685714285714286,0.321339919061211
"ENSMUSG00000018698",0.885714285714286,1.06236890594092
"ENSMUSG00000087211",0.485714285714286,1.43476120953055
"ENSMUSG00000086199",1,-0.0623826519800089
"ENSMUSG00000020492",1,-0.598734092605768
"ENSMUSG00000020486",0.685714285714286,0.252777278765993
"ENSMUSG00000020485",0.342857142857143,-0.0138676332583907
"ENSMUSG00000034156",0.885714285714286,0.164263288497235
"ENSMUSG00000020866",0.342857142857143,0.129257272824968
"ENSMUSG00000038756",0.485714285714286,0.30467777828998
"ENSMUSG00000018678",0.342857142857143,0.101244572281457
"ENSMUSG00000001440",0.342857142857143,-0.133802742184417
"ENSMUSG00000001441",0.485714285714286,-0.0185835565960404
"ENSMUSG00000043439",0.2,0.067126637029662
"ENSMUSG00000038366",0.2,-0.121155549709473
"ENSMUSG00000038208",0.2,0.120839374429492
"ENSMUSG00000038150",1,0.0700177228383676
"ENSMUSG00000014198",0.685714285714286,1.80843290953419
"ENSMUSG00000035172",0.485714285714286,0.364594938160331
"ENSMUSG00000001493",0.2,0.530915957785965
"ENSMUSG00000017314",0.2,-0.131920155067298
"ENSMUSG00000020921",0.2,0.270151551121012
"ENSMUSG00000020922",0.685714285714286,-0.0278742348881201
"ENSMUSG00000059995",0.485714285714286,-0.0503087490318652
"ENSMUSG00000020923",0.885714285714286,0.0940885323713108
"ENSMUSG00000050288",0.342857142857143,0.0531779771935647
"ENSMUSG00000084375",1,-0.0456940991178377
"ENSMUSG00000018411",0.342857142857143,0.0523141990219954
"ENSMUSG00000049354",0.485714285714286,-0.221915329492636
"ENSMUSG00000041695",0.885714285714286,0.0643895225773825
"ENSMUSG00000020734",0.342857142857143,0.40787805855642
"ENSMUSG00000092300",0.685714285714286,0.0699284322118765
"ENSMUSG00000034227",0.485714285714286,0.136093223309921
"ENSMUSG00000020804",0.885714285714286,0.374909700114685
"ENSMUSG00000034120",0.885714285714286,0.00498290757467792
"ENSMUSG00000059248",0.114285714285714,0.0796464352707417
"ENSMUSG00000048277",0.485714285714286,0.192810315468547
"ENSMUSG00000025578",0.114285714285714,0.288692055293524
"ENSMUSG00000025372",0.685714285714286,0.0622039746814094
"ENSMUSG00000061306",0.685714285714286,-0.00529323844474483
"ENSMUSG00000025138",0.2,0.308814502360934
"ENSMUSG00000025156",0.114285714285714,0.0875500378861623
"ENSMUSG00000048445",0.342857142857143,0.133533030448293
"ENSMUSG00000021218",0.685714285714286,-0.188707095942262
"ENSMUSG00000088609",1,-0.122530488917584
"ENSMUSG00000002808",0.342857142857143,-0.0101823168843019
"ENSMUSG00000059395",0.685714285714286,0.416994640872907
"ENSMUSG00000021357",0.2,-0.17809925557971
"ENSMUSG00000045136",0.485714285714286,0.0453998723474325
"ENSMUSG00000039087",0.685714285714286,-0.0462663861148109
"ENSMUSG00000063200",1,0.0816780280957195
"ENSMUSG00000097059",0.885714285714286,-0.0740355796145044
"ENSMUSG00000037946",0.2,0.202471268024154
"ENSMUSG00000025867",0.485714285714286,-0.0223872934879732
"ENSMUSG00000086567",0.485714285714286,0.658050576623353
"ENSMUSG00000025878",0.485714285714286,0.0494792289374116
"ENSMUSG00000015937",0.2,0.093718373185422
"ENSMUSG00000021541",0.2,0.343516381627712
"ENSMUSG00000065599",0.485714285714286,0.42815217572992
"ENSMUSG00000057396",0.342857142857143,-0.290203852753923
"ENSMUSG00000034525",0.342857142857143,-0.176072209199869
"ENSMUSG00000021583",0.685714285714286,-0.188311450931774
"ENSMUSG00000021589",0.2,-0.402678267802337
"ENSMUSG00000003992",0.485714285714286,-0.0916795092396654
"ENSMUSG00000021686",0.2,-0.107080285238219
"ENSMUSG00000060739",0.885714285714286,-0.00334108855561774
"ENSMUSG00000052727",0.2,-0.145103904625239
"ENSMUSG00000021647",0.485714285714286,0.188264744150183
"ENSMUSG00000021636",0.2,0.464678288573406
"ENSMUSG00000021721",1,-0.157484676442956
"ENSMUSG00000068184",0.685714285714286,-0.021272275161679
"ENSMUSG00000109853",0.685714285714286,-0.332759515198973
"ENSMUSG00000042348",0.685714285714286,-0.0900935274380893
"ENSMUSG00000066637",0.485714285714286,0.0267073870671724
"ENSMUSG00000020571",0.485714285714286,0.0522065603491726
"ENSMUSG00000073179",0.885714285714286,0.198414792038537
"ENSMUSG00000052593",0.685714285714286,-0.165906795579659
"ENSMUSG00000020656",0.342857142857143,0.038825923804451
"ENSMUSG00000035983",0.885714285714286,-0.0784005362990908
"ENSMUSG00000096349",0.885714285714286,-1.88696158249789
"ENSMUSG00000035329",0.685714285714286,-0.0885707429755197
"ENSMUSG00000085539",0.2,0.384702162792374
"ENSMUSG00000020982",0.342857142857143,6.78376551114824e-05
"ENSMUSG00000060073",0.342857142857143,0.0560300448536229
"ENSMUSG00000021090",0.342857142857143,-0.305202568484353
"ENSMUSG00000056459",0.485714285714286,-0.0609357983568309
"ENSMUSG00000032705",0.485714285714286,-0.0839085032959124
"ENSMUSG00000021139",0.685714285714286,-0.149070812668558
"ENSMUSG00000010608",0.685714285714286,0.0923803407959865
"ENSMUSG00000048483",0.2,0.129427234171334
"ENSMUSG00000034126",0.685714285714286,-0.033786943103923
"ENSMUSG00000021039",0.342857142857143,0.050509322092909
"ENSMUSG00000047415",0.342857142857143,-0.0444349834362659
"ENSMUSG00000021182",0.685714285714286,0.0774501159256419
"ENSMUSG00000021192",0.2,0.114063691429379
"ENSMUSG00000096458",0.685714285714286,-0.0651548521939009
"ENSMUSG00000041415",0.342857142857143,-0.0865206688078185
"ENSMUSG00000021270",0.342857142857143,-0.224992702389107
"ENSMUSG00000097381",0.485714285714286,0.110819996319132
"ENSMUSG00000096995",0.485714285714286,0.202933673014795
"ENSMUSG00000091402",1,-0.353895416976393
"ENSMUSG00000002799",0.342857142857143,0.166824401997155
"ENSMUSG00000087221",0.485714285714286,0.031830204970926
"ENSMUSG00000049148",0.2,0.178243520983947
"ENSMUSG00000096956",0.2,-0.245454588583812
"ENSMUSG00000022261",0.485714285714286,-0.241256931634236
"ENSMUSG00000022257",0.685714285714286,-0.0295986512578955
"ENSMUSG00000022365",0.0285714285714286,-0.149681264050154
"ENSMUSG00000022375",0.342857142857143,-0.197549865668785
"ENSMUSG00000022372",0.2,0.305122474068549
"ENSMUSG00000079022",0.342857142857143,0.191821357414869
"ENSMUSG00000102018",0.685714285714286,0.337624866617958
"ENSMUSG00000022526",0.485714285714286,-0.0230324890377185
"ENSMUSG00000016554",0.342857142857143,0.177824120381643
"ENSMUSG00000005716",0.885714285714286,0.572867550031715
"ENSMUSG00000033220",0.2,-0.451181737204849
"ENSMUSG00000049521",1,0.17936667842849
"ENSMUSG00000099267",0.485714285714286,0.596215793208552
"ENSMUSG00000033099",0.485714285714286,0.140076661110164
"ENSMUSG00000044216",0.342857142857143,0.0085008805085721
"ENSMUSG00000022390",0.885714285714286,-0.0605894322906882
"ENSMUSG00000016624",0.485714285714286,0.104944582123682
"ENSMUSG00000016541",0.485714285714286,-0.0342043003603696
"ENSMUSG00000065608",0.485714285714286,0.248857095864151
"ENSMUSG00000065564",0.342857142857143,0.264823234114148
"ENSMUSG00000035900",0.885714285714286,0.0122514108895542
"ENSMUSG00000035757",0.2,0.227860959864881
"ENSMUSG00000022610",0.114285714285714,0.776527999696753
"ENSMUSG00000022621",1,0.126955428029999
"ENSMUSG00000022634",0.885714285714286,-0.0901913826644342
"ENSMUSG00000022635",1,0.195425894091836
"ENSMUSG00000022449",0.885714285714286,-0.0559050728443384
"ENSMUSG00000033237",0.342857142857143,-0.125628975488544
"ENSMUSG00000048175",1,-0.0604133340644501
"ENSMUSG00000022994",0.485714285714286,0.0540226145452679
"ENSMUSG00000003360",0.485714285714286,0.0636749037943514
"ENSMUSG00000072235",1,-0.018817200683173
"ENSMUSG00000043144",0.685714285714286,1.62670017492561
"ENSMUSG00000037003",0.685714285714286,0.136997748867422
"ENSMUSG00000022521",0.342857142857143,-0.0297061874052352
"ENSMUSG00000106967",1,0.030182656543029
"ENSMUSG00000022674",0.2,-0.149998458586257
"ENSMUSG00000005899",0.0571428571428571,0.258366446901843
"ENSMUSG00000021018",0.885714285714286,0.0907020832690639
"ENSMUSG00000006958",0.2,0.321881963623716
"ENSMUSG00000033306",0.685714285714286,0.0338656942184903
"ENSMUSG00000022525",0.485714285714286,-0.105323935109888
"ENSMUSG00000022538",0.0285714285714286,0.245811471071165
"ENSMUSG00000022817",0.2,0.121954306818639
"ENSMUSG00000086324",0.485714285714286,0.00825654672827821
"ENSMUSG00000022793",0.885714285714286,-0.0987782294010941
"ENSMUSG00000047261",0.2,0.126135917166911
"ENSMUSG00000022708",0.342857142857143,-0.0660230171227461
"ENSMUSG00000043065",0.342857142857143,-0.186325053536936
"ENSMUSG00000033157",0.685714285714286,-0.0148417014920941
"ENSMUSG00000022604",0.342857142857143,-0.070184465027719
"ENSMUSG00000022744",0.342857142857143,-0.0277695079200398
"ENSMUSG00000091243",0.2,-0.671249188937406
"ENSMUSG00000065530",0.342857142857143,-0.259835099886405
"ENSMUSG00000102562",0.685714285714286,0.534298270137096
"ENSMUSG00000022860",0.885714285714286,-0.183199890395277
"ENSMUSG00000039680",0.885714285714286,-0.0136354577161738
"ENSMUSG00000039456",0.114285714285714,-0.175643706250766
"ENSMUSG00000023341",0.485714285714286,-0.121884952506952
"ENSMUSG00000023809",0.342857142857143,0.0570818256160068
"ENSMUSG00000023827",0.685714285714286,0.0427452469523707
"ENSMUSG00000097350",0.685714285714286,-0.159023156194017
"ENSMUSG00000051977",0.2,0.367552502113294
"ENSMUSG00000060149",0.2,-0.315726081660897
"ENSMUSG00000086719",0.342857142857143,0.417386262570966
"ENSMUSG00000039218",0.685714285714286,0.214405584784686
"ENSMUSG00000024121",0.2,0.121391270962647
"ENSMUSG00000024132",0.2,0.174594009164388
"ENSMUSG00000032855",0.885714285714286,0.0621201156845688
"ENSMUSG00000045316",0.342857142857143,-0.0268137230346801
"ENSMUSG00000047507",0.114285714285714,0.363227975821215
"ENSMUSG00000025727",0.342857142857143,0.940349326135877
"ENSMUSG00000067629",0.485714285714286,0.0179812946437083
"ENSMUSG00000063239",0.885714285714286,0.331522098484864
"ENSMUSG00000024218",0.485714285714286,0.0340743779395403
"ENSMUSG00000063952",0.685714285714286,-0.0252075692740262
"ENSMUSG00000024006",0.342857142857143,0.0070214099612442
"ENSMUSG00000024007",0.342857142857143,0.269022280984894
"ENSMUSG00000062202",0.885714285714286,0.017862359135602
"ENSMUSG00000024312",0.2,0.227052775654734
"ENSMUSG00000034673",0.342857142857143,-0.0482962099891422
"ENSMUSG00000090877",0.342857142857143,-0.0442853507295331
"ENSMUSG00000091971",0.485714285714286,-0.0252705416344138
"ENSMUSG00000007050",0.342857142857143,0.0391047584322924
"ENSMUSG00000007030",1,0.864583329788487
"ENSMUSG00000007035",0.2,1.08384796550813
"ENSMUSG00000024399",0.485714285714286,-0.00533014889290458
"ENSMUSG00000035929",0.885714285714286,0.00237699263516604
"ENSMUSG00000001525",0.485714285714286,0.0819593540656946
"ENSMUSG00000038762",0.885714285714286,0.0978171075080513
"ENSMUSG00000045409",0.685714285714286,0.118036985305697
"ENSMUSG00000097971",0.485714285714286,1.03190320876818
"ENSMUSG00000042256",1,0.0143752288809237
"ENSMUSG00000023913",0.885714285714286,-0.141607458633946
"ENSMUSG00000039601",0.2,-0.151669232445438
"ENSMUSG00000023944",0.485714285714286,0.0395178024268159
"ENSMUSG00000058626",0.0571428571428571,3.0037601653769
"ENSMUSG00000040658",0.685714285714286,-0.0768408303314242
"ENSMUSG00000034729",0.2,0.0761188113610785
"ENSMUSG00000102744",0.2,-1.12017424333667
"ENSMUSG00000035580",0.685714285714286,-0.54987189773612
"ENSMUSG00000003208",0.2,0.30862116938276
"ENSMUSG00000003200",0.2,0.16988666277839
"ENSMUSG00000002833",0.342857142857143,0.321861599148868
"ENSMUSG00000002831",0.885714285714286,0.168034560721138
"ENSMUSG00000043683",0.885714285714286,-0.00215050786841592
"ENSMUSG00000013236",0.2,0.145767837530022
"ENSMUSG00000057863",0.885714285714286,0.447791890002576
"ENSMUSG00000007670",0.685714285714286,-0.0477456773840936
"ENSMUSG00000033278",0.2,-0.0827077038984368
"ENSMUSG00000100572",0.2,-0.994253283557264
"ENSMUSG00000056121",0.2,0.070257259654248
"ENSMUSG00000024079",0.2,-0.262963033958718
"ENSMUSG00000024084",0.885714285714286,-0.0147520103284698
"ENSMUSG00000054901",0.885714285714286,0.977172239984787
"ENSMUSG00000033966",0.2,-0.292761721024095
"ENSMUSG00000071037",0.0285714285714286,0.444970991228119
"ENSMUSG00000093460",0.485714285714286,0.168784279574188
"ENSMUSG00000024143",0.0285714285714286,-0.28402910453713
"ENSMUSG00000085287",0.2,0.247845634222273
"ENSMUSG00000090160",0.885714285714286,-0.0311362441142893
"ENSMUSG00000024421",0.2,-0.515553826982286
"ENSMUSG00000047161",0.2,-0.357075062252551
"ENSMUSG00000024395",1,0.197925955730246
"ENSMUSG00000037058",0.2,-0.0437371837463976
"ENSMUSG00000024354",0.342857142857143,0.829636154606347
"ENSMUSG00000046727",0.485714285714286,0.0161108528181219
"ENSMUSG00000014294",1,0.341437879539651
"ENSMUSG00000001380",0.485714285714286,0.0113128070800434
"ENSMUSG00000001383",0.342857142857143,0.00919162857997625
"ENSMUSG00000104252",0.342857142857143,-0.773860863791504
"ENSMUSG00000043458",0.485714285714286,-0.0873824440005899
"ENSMUSG00000097330",0.2,-0.158593574331227
"ENSMUSG00000102918",0.885714285714286,-0.0615886745733898
"ENSMUSG00000033022",0.885714285714286,-0.146602352191418
"ENSMUSG00000097707",0.342857142857143,0.409790383911138
"ENSMUSG00000008301",0.485714285714286,0.0536848340776257
"ENSMUSG00000054072",1,-0.793466176944088
"ENSMUSG00000024608",0.342857142857143,0.0795001024404553
"ENSMUSG00000024530",0.485714285714286,0.0327506066335349
"ENSMUSG00000024539",0.2,-0.126950018948275
"ENSMUSG00000038121",0.0285714285714286,-0.30452086182195
"ENSMUSG00000025885",0.342857142857143,0.000802305171558403
"ENSMUSG00000089235",0.0285714285714286,1.7991221648597
"ENSMUSG00000024563",0.2,-0.193524269748948
"ENSMUSG00000025428",0.485714285714286,-0.011803706087622
"ENSMUSG00000025429",1,-0.012299032038106
"ENSMUSG00000056214",0.342857142857143,0.0200524614990128
"ENSMUSG00000110277",0.114285714285714,-0.259246953198532
"ENSMUSG00000037916",0.485714285714286,0.0813732599842025
"ENSMUSG00000024847",0.342857142857143,0.0753285980306868
"ENSMUSG00000040247",0.342857142857143,0.0361406598900583
"ENSMUSG00000024824",0.342857142857143,0.241350722610793
"ENSMUSG00000034616",0.0285714285714286,0.391309412391262
"ENSMUSG00000086938",0.885714285714286,0.057836155782646
"ENSMUSG00000024937",1,0.0883214788661401
"ENSMUSG00000092341",0.485714285714286,0.402454262131887
"ENSMUSG00000024772",0.685714285714286,0.0946935909920688
"ENSMUSG00000024966",0.342857142857143,0.0323071417914327
"ENSMUSG00000010095",0.685714285714286,0.0287116266959788
"ENSMUSG00000071652",0.342857142857143,0.00663479045243001
"ENSMUSG00000071644",1,0.0147470455032027
"ENSMUSG00000034820",0.685714285714286,-0.0732967084709871
"ENSMUSG00000038843",0.114285714285714,-0.666362545162065
"ENSMUSG00000058927",0.342857142857143,0.601132836207661
"ENSMUSG00000045932",0.2,-0.27628016842523
"ENSMUSG00000024990",0.342857142857143,0.112461544611253
"ENSMUSG00000025195",0.685714285714286,0.00293300829579507
"ENSMUSG00000025218",0.2,0.280535571204931
"ENSMUSG00000025035",1,0.135631484136826
"ENSMUSG00000084957",0.2,-0.175640704651683
"ENSMUSG00000024993",0.685714285714286,-0.146298242682574
"ENSMUSG00000064337",0.885714285714286,-0.292248027733248
"ENSMUSG00000064339",0.342857142857143,-0.419514399046534
"ENSMUSG00000064347",0.885714285714286,-0.784314675239668
"ENSMUSG00000064348",0.885714285714286,-1.65224909077298
"ENSMUSG00000064349",0.885714285714286,-1.53554028777916
"ENSMUSG00000064358",0.0571428571428571,-0.588291040096248
"ENSMUSG00000064359",0.685714285714286,-0.165051405408289
"ENSMUSG00000064360",0.885714285714286,-0.506735645241578
"ENSMUSG00000065947",0.685714285714286,-0.284416017917298
"ENSMUSG00000064364",0.685714285714286,-0.467515723658846
"ENSMUSG00000064366",0.885714285714286,-0.509881019842731
"ENSMUSG00000064372",0.342857142857143,-0.599450698233582
